rainfall_mm_24h,soil_moisture_pct,slope_deg,temperature_c,landslide_occurred
94.1,69.3,33.7,19.3,1
127.6,43.7,25.3,32.8,0
82.7,14.8,9.8,19.9,0
74.0,31.5,19.0,21.2,0
138.6,60.1,38.7,18.0,1
78.9,49.1,3.8,20.9,0
105.6,73.7,58.0,25.8,1
98.5,61.5,54.7,18.3,1
138.5,56.9,6.9,7.3,0
64.8,25.5,52.4,23.1,0
170.8,82.2,21.1,13.5,1
52.8,28.8,5.9,24.5,0
110.4,39.7,19.8,20.0,0
101.6,40.4,48.9,25.7,0
49.0,17.2,40.6,14.3,0
116.8,43.6,15.8,16.8,0
68.6,34.3,43.7,18.0,1
36.6,37.9,43.1,11.1,1
127.0,47.1,45.1,26.7,1
25.5,11.2,33.4,10.2,0
42.6,11.4,49.5,26.6,0
82.0,43.0,39.2,22.5,0
137.9,55.3,9.3,18.8,0
121.8,43.8,49.0,22.1,1
93.1,37.7,20.8,21.9,1
18.2,29.2,42.9,17.6,0
50.9,49.4,41.2,21.8,0
60.1,25.7,21.5,24.4,0
35.1,29.8,11.4,14.3,0
13.6,34.9,42.3,22.1,1
84.9,31.9,51.2,4.2,1
124.4,50.9,50.6,8.4,1
56.5,33.7,38.3,23.4,0
136.7,38.4,15.2,17.5,1
22.6,27.7,20.3,14.9,0
33.3,28.7,45.8,19.7,1
83.6,47.6,25.8,17.6,0
52.8,19.0,44.5,14.1,1
117.5,49.5,19.9,10.2,1
104.8,62.8,2.4,8.2,1
55.8,58.9,37.0,24.4,1
24.8,41.6,36.9,17.5,0
50.9,18.6,38.4,25.8,0
106.5,52.0,17.6,17.4,0
120.7,44.4,49.0,22.1,1
53.0,36.7,30.3,19.2,0
13.5,14.1,46.2,20.3,0
21.4,5.0,37.4,20.6,0
100.7,41.0,26.1,17.3,0
55.1,42.4,41.4,12.6,1
56.1,37.5,35.3,24.6,0
32.8,33.0,31.6,29.6,0
32.2,30.7,39.6,30.0,0
135.2,58.6,7.0,16.7,0
103.2,52.1,54.8,15.6,1
45.5,28.1,21.4,16.7,0
79.3,40.8,15.0,18.9,1
89.3,63.3,46.8,19.7,0
211.8,74.7,15.4,14.0,1
29.9,28.0,59.8,11.1,0
88.5,43.4,26.4,20.3,0
134.7,51.1,19.2,-1.2,1
196.2,63.8,5.6,19.4,0
43.6,33.4,4.4,14.3,0
54.6,27.6,7.5,24.7,0
118.3,47.8,2.3,26.3,1
17.9,15.0,21.0,26.4,0
94.7,45.0,20.0,17.9,0
261.1,92.3,26.9,13.2,0
101.7,42.9,15.5,15.1,0
6.8,5.0,5.6,21.7,0
37.0,36.3,6.1,10.1,0
44.8,32.6,12.6,28.4,0
155.5,47.0,20.4,18.0,0
66.2,45.8,10.6,23.0,1
13.7,6.6,23.2,9.3,0
71.9,50.5,55.5,14.4,1
82.8,40.0,17.2,8.6,0
49.6,5.2,11.8,26.1,0
31.7,30.1,40.6,19.0,0
279.1,84.9,30.5,23.4,1
135.0,47.1,4.7,20.4,0
143.2,46.9,47.7,22.8,1
66.3,35.0,43.5,18.0,1
43.0,24.9,58.7,18.8,0
51.6,10.6,56.4,19.4,0
22.6,40.9,35.9,22.4,0
209.2,69.4,41.8,22.6,1
68.3,28.3,25.8,36.9,1
179.3,51.3,53.5,30.1,1
53.6,42.6,34.1,9.3,0
102.8,30.1,20.9,19.1,0
86.2,43.1,2.6,17.6,0
20.3,18.1,36.0,27.7,0
226.3,70.3,32.5,18.1,1
54.9,20.5,49.1,22.8,0
27.3,19.4,12.8,6.0,0
118.9,49.8,49.3,10.9,0
74.7,41.5,2.9,32.6,0
96.4,34.7,36.1,20.3,1
80.4,39.0,25.0,14.0,0
7.8,32.6,21.2,21.5,0
35.9,9.0,27.1,13.7,0
34.7,28.6,15.0,18.3,0
141.8,44.0,12.6,11.3,1
76.8,26.6,48.7,15.3,1
107.1,49.9,15.2,17.5,0
57.5,27.8,44.7,26.7,0
110.8,33.1,43.3,22.8,0
66.4,52.5,3.9,23.8,0
62.7,46.7,53.1,19.8,1
85.7,18.2,47.8,24.9,1
80.4,22.4,48.2,14.8,1
336.9,100.0,48.9,15.6,1
35.5,25.5,35.8,22.4,0
18.1,42.5,59.6,18.3,0
94.9,51.1,12.4,19.9,0
40.1,33.6,6.2,19.0,0
6.6,9.4,42.8,27.5,0
28.7,33.1,19.0,27.8,0
290.7,77.4,37.3,16.2,1
34.7,44.3,24.7,9.4,1
12.2,28.1,21.3,15.7,0
279.2,79.9,53.8,14.6,1
27.6,36.6,10.2,25.0,0
400.0,100.0,13.0,25.5,0
55.6,31.3,40.7,13.8,1
226.9,83.3,47.4,15.5,1
61.6,30.2,50.3,11.1,0
103.2,46.8,15.4,20.8,0
67.5,18.8,53.2,19.7,1
62.0,35.5,37.4,24.7,0
89.3,42.9,49.7,23.0,1
105.9,68.1,6.0,23.7,0
84.4,19.6,22.7,10.7,0
78.1,36.2,32.4,16.2,0
40.4,45.6,35.5,25.7,0
69.5,34.5,7.7,16.8,0
208.6,70.1,33.2,10.2,1
38.8,19.7,40.6,24.8,1
91.2,31.6,23.0,16.5,0
167.7,40.0,31.0,26.4,0
106.5,39.1,19.0,19.9,1
142.8,43.8,52.5,18.3,1
27.2,28.2,36.8,28.2,0
91.4,33.4,34.0,12.2,0
59.3,29.1,56.8,28.6,1
61.3,29.9,40.6,16.2,0
197.1,68.7,18.2,21.0,1
62.1,29.2,39.2,21.0,0
93.5,30.6,57.8,17.4,1
12.2,24.1,3.4,15.4,0
226.8,89.5,38.3,17.8,1
137.2,55.8,11.1,13.9,0
71.5,30.6,49.4,31.8,1
57.2,32.8,39.2,17.1,0
114.2,23.9,56.3,27.0,0
166.3,59.9,40.8,26.2,1
228.8,72.4,3.0,22.2,1
134.1,42.3,31.6,19.2,1
78.9,30.7,54.4,21.2,0
148.4,52.2,15.5,23.4,1
130.2,64.5,6.8,20.6,0
79.2,52.9,43.8,10.6,0
127.6,40.8,31.1,9.1,1
126.0,45.3,4.8,29.1,0
71.2,31.9,18.2,4.2,0
48.7,41.9,21.0,21.2,0
118.5,51.4,40.7,18.6,0
30.2,28.7,29.4,21.0,0
24.2,32.5,30.3,13.2,0
94.6,36.5,48.8,22.1,0
116.2,65.4,18.1,21.2,1
94.1,43.5,41.0,36.6,1
101.7,35.2,23.3,20.8,0
114.8,46.0,26.3,28.1,0
197.6,84.2,34.2,11.0,1
135.7,48.8,42.3,26.1,0
132.9,64.6,56.8,21.4,1
89.4,34.8,17.6,21.6,0
91.8,33.8,8.0,21.7,0
66.8,44.6,26.9,30.2,0
99.6,34.4,33.7,21.5,0
28.8,37.1,15.2,15.3,0
198.2,73.8,53.6,16.3,1
36.7,18.7,48.3,24.9,0
135.5,53.0,30.6,22.7,1
181.7,58.8,28.1,10.8,0
135.3,58.0,4.4,23.1,0
307.8,100.0,33.1,13.5,1
8.4,17.7,36.6,22.6,0
51.4,39.3,53.7,15.2,1
179.7,65.2,31.1,18.3,1
23.3,26.1,11.1,16.7,0
37.7,27.4,12.4,29.1,0
109.8,37.2,11.3,22.4,0
78.2,43.6,56.4,27.6,1
105.0,42.8,48.0,37.4,0
83.3,30.0,49.8,20.3,0
89.1,54.4,50.7,29.0,1
41.1,31.5,7.5,15.8,0
87.0,39.0,42.7,27.5,0
54.4,49.7,42.9,15.2,1
60.6,13.1,15.0,19.9,0
134.2,68.8,30.5,23.2,1
22.1,15.0,40.4,24.2,0
4.7,23.7,54.0,12.4,0
127.5,44.8,8.4,14.8,0
87.1,30.7,53.7,23.7,0
181.6,81.2,55.5,17.8,1
38.6,51.9,55.6,11.6,1
69.4,34.7,2.3,19.6,0
80.5,44.1,14.8,19.3,0
45.5,32.1,42.1,21.1,1
34.3,49.3,20.7,23.2,0
132.0,27.7,5.5,22.8,0
19.9,29.5,46.3,15.4,0
29.3,18.6,3.7,17.5,0
67.6,8.6,27.9,25.6,0
142.9,51.4,57.0,16.7,1
48.1,54.2,27.5,17.6,0
43.0,22.9,54.9,11.0,0
64.5,45.6,25.7,19.8,0
98.1,58.9,22.1,22.1,0
56.8,34.0,8.2,8.1,0
155.7,60.4,22.8,13.6,1
160.2,39.4,21.5,11.5,0
67.6,28.3,51.1,24.7,1
255.0,94.6,55.4,8.5,1
79.1,40.5,3.3,19.5,1
156.5,63.5,7.7,24.3,1
96.1,45.6,39.3,21.1,1
94.8,70.0,30.1,17.4,0
15.4,18.7,19.2,22.1,0
27.0,46.0,17.1,26.2,0
59.2,36.4,15.0,19.4,0
159.3,80.2,32.5,6.6,0
97.1,29.6,3.0,26.9,0
59.7,37.1,44.9,22.4,0
117.0,44.5,19.4,19.8,0
155.3,60.5,26.8,8.1,0
75.4,53.5,32.6,18.2,1
88.7,46.7,14.3,14.7,0
80.4,54.8,53.3,12.7,1
71.7,29.9,41.6,19.2,0
38.2,19.7,52.5,16.8,0
35.6,29.1,29.6,17.2,0
116.5,48.7,27.1,24.4,0
157.4,57.1,15.8,21.5,0
59.6,23.4,33.6,17.0,0
58.5,49.0,36.4,16.3,0
11.0,18.4,26.4,17.3,0
8.6,39.3,10.4,18.5,0
185.4,66.5,17.8,23.5,0
40.5,37.9,2.8,13.7,0
321.8,100.0,20.5,28.8,1
47.0,21.8,35.7,23.5,0
16.0,28.4,57.4,3.6,1
80.9,63.4,12.3,20.5,0
131.0,55.8,5.2,26.2,0
120.9,61.0,19.2,22.3,1
140.2,63.4,11.1,17.5,0
31.6,31.6,42.3,19.6,0
182.4,67.8,2.3,21.1,0
189.7,74.0,58.9,24.6,1
195.3,78.0,51.6,11.5,1
91.0,26.5,30.5,16.4,0
55.9,36.9,55.4,29.8,1
51.8,30.8,38.4,20.2,1
15.9,19.3,59.6,29.2,1
47.9,47.5,18.1,37.9,0
4.2,12.2,59.8,17.0,1
13.5,6.6,12.5,12.8,0
90.3,52.1,22.5,18.4,0
61.2,18.3,56.2,26.6,0
87.4,18.7,23.5,27.4,0
124.0,61.9,14.2,33.6,0
99.7,46.8,5.5,19.8,0
93.6,49.1,10.6,22.9,0
70.1,32.2,22.6,15.7,0
39.2,13.2,26.4,5.0,0
23.4,11.6,33.5,19.8,0
48.9,29.0,49.2,13.1,0
71.0,22.5,2.8,23.9,0
78.0,43.2,50.8,8.7,0
140.4,49.5,35.5,15.6,1
66.1,38.7,45.9,21.6,1
111.6,49.8,45.9,22.2,1
18.4,29.2,54.4,19.7,1
91.3,48.8,7.4,31.2,0
86.6,37.5,35.1,29.4,0
182.5,67.8,54.7,15.9,1
61.3,38.1,43.7,29.7,0
59.2,5.7,7.6,30.6,0
124.6,58.9,37.6,19.3,0
25.3,28.1,48.4,20.3,0
89.5,49.2,17.9,19.7,0
24.0,10.6,38.7,16.1,1
238.4,75.8,50.7,16.7,1
53.0,20.1,32.4,27.9,0
22.5,34.6,13.3,22.6,0
48.6,15.3,33.9,16.7,1
89.9,31.3,36.1,14.4,1
109.1,53.7,25.4,15.5,1
176.1,56.5,41.4,19.0,1
43.8,19.8,27.1,25.5,1
128.6,63.0,52.9,14.8,1
13.5,34.8,47.9,25.4,1
29.5,36.0,48.7,21.2,1
19.0,34.9,32.5,20.9,0
37.2,26.5,13.4,26.2,0
124.6,48.7,44.0,25.1,1
44.7,23.4,6.0,11.6,0
52.2,35.1,32.0,13.5,0
91.7,36.6,5.1,18.6,0
105.8,41.3,32.6,22.1,1
53.5,40.6,41.8,28.2,1
29.3,41.5,26.3,20.4,0
212.9,78.0,26.2,30.2,1
53.8,55.0,9.1,15.8,0
58.4,26.1,19.5,16.8,0
64.5,14.1,27.8,18.2,1
114.0,57.1,52.1,15.1,0
17.4,15.1,54.1,27.0,0
268.6,83.9,57.3,3.4,1
57.1,13.0,7.8,17.0,0
116.7,38.4,19.2,26.9,0
22.7,7.7,28.8,18.1,0
85.0,36.0,39.2,26.4,0
241.7,75.7,42.8,33.2,1
219.6,76.0,47.6,20.5,1
114.6,63.5,30.8,27.0,0
35.0,36.9,34.3,34.5,0
169.8,43.0,57.7,22.4,1
13.4,30.6,15.9,19.7,0
33.8,29.8,48.6,25.4,0
70.4,36.4,43.3,27.1,0
14.8,23.4,10.1,19.8,0
48.5,34.6,55.7,17.1,0
130.5,44.3,51.6,30.3,1
40.7,28.0,47.2,18.4,1
134.8,67.9,9.4,27.2,0
316.0,90.6,10.1,21.6,1
99.9,32.6,41.6,31.0,0
133.2,52.5,8.2,14.9,1
173.8,49.9,8.6,14.9,1
52.4,12.4,25.2,25.1,0
131.0,48.6,2.3,13.2,0
51.4,50.2,43.8,20.7,0
94.8,43.2,33.3,29.3,0
145.0,58.4,6.5,9.3,1
36.5,5.0,33.5,22.4,0
4.8,26.5,5.1,27.3,0
33.4,29.5,6.1,19.8,0
160.0,52.0,30.2,14.4,1
29.6,29.6,31.0,18.4,0
154.0,60.5,21.7,15.0,1
33.6,15.7,38.1,20.4,0
62.9,39.7,24.5,18.3,0
74.2,52.9,36.0,16.9,1
29.5,24.6,22.3,22.8,0
63.4,25.4,43.5,29.5,0
15.9,21.8,35.6,22.0,0
56.4,44.4,11.3,28.1,0
69.6,22.7,41.8,29.5,0
5.2,28.2,47.5,16.5,1
33.1,20.2,5.8,21.6,0
92.6,46.1,37.4,17.5,0
26.3,19.8,47.8,11.1,1
104.1,39.2,8.6,22.1,0
111.6,66.2,54.3,13.7,1
92.3,26.2,26.1,22.9,0
129.9,58.3,44.8,10.7,1
14.8,44.5,54.1,21.0,0
149.5,65.6,59.4,10.6,1
30.0,11.5,35.9,24.0,0
80.9,24.8,42.8,17.6,0
235.4,69.8,16.6,17.1,0
55.4,35.7,18.8,26.8,0
75.7,41.6,51.3,18.1,0
30.1,12.3,25.1,20.7,0
233.9,68.0,49.7,18.8,1
33.2,18.6,4.9,23.0,0
118.6,47.5,14.7,26.3,0
173.5,87.2,11.9,25.0,1
126.7,40.5,32.6,17.2,0
96.6,32.4,6.7,27.3,1
80.0,26.4,21.9,14.5,0
22.5,33.3,59.2,15.5,1
227.0,76.2,48.1,19.2,1
90.8,32.0,46.1,26.3,1
75.7,34.6,9.8,13.0,0
27.7,17.4,23.1,25.3,0
78.6,43.2,41.5,19.7,0
72.1,70.2,3.3,17.4,0
235.4,85.5,27.2,26.6,1
75.7,37.8,55.9,15.2,0
77.6,31.4,6.8,33.7,0
28.1,10.9,54.6,18.9,0
39.5,38.7,13.3,20.9,0
108.8,55.4,13.0,29.3,0
11.7,17.3,13.3,21.1,0
149.0,71.8,56.0,27.1,1
151.8,58.2,37.0,8.3,1
35.8,38.3,45.5,17.3,0
96.9,47.8,23.3,22.4,1
177.4,62.2,52.6,26.5,1
67.6,25.4,35.8,24.6,1
57.9,32.7,36.8,24.1,0
63.9,46.1,45.6,26.4,0
90.7,36.6,46.9,22.9,1
44.1,36.3,41.5,7.1,1
54.0,20.5,8.9,28.7,0
92.0,52.4,52.3,15.0,0
50.4,36.3,17.1,21.9,0
25.7,12.0,59.8,21.1,0
10.5,19.9,24.4,20.3,0
76.8,50.4,9.0,13.4,0
170.0,47.4,20.3,8.4,0
100.4,32.3,35.3,14.0,0
26.7,25.8,24.7,25.0,0
39.2,55.4,50.1,11.3,0
57.6,26.3,41.6,14.7,0
240.4,86.0,14.4,22.5,1
249.0,85.4,33.3,13.8,1
230.0,70.4,47.7,16.7,1
82.9,42.7,53.7,20.5,1
400.0,100.0,24.9,21.7,1
41.0,25.9,55.6,13.7,0
55.9,14.0,4.1,20.8,0
141.1,55.0,41.2,22.4,0
92.4,53.9,47.4,12.4,0
96.3,44.8,26.7,21.3,0
31.2,40.9,2.6,15.7,0
71.7,44.9,41.8,20.7,0
41.5,29.7,21.9,24.3,0
20.9,17.7,10.8,18.9,0
45.9,25.6,11.1,25.5,0
92.4,25.5,46.6,24.7,1
125.4,48.2,12.9,25.4,1
10.0,24.3,30.1,22.4,0
74.3,59.2,58.3,26.6,1
69.2,43.6,46.0,22.3,0
88.9,31.8,33.7,10.0,0
27.2,9.5,32.6,15.2,0
27.7,24.5,11.7,18.7,0
173.1,73.0,27.9,19.5,1
36.3,26.4,10.4,22.1,0
53.7,39.9,6.8,15.2,0
58.3,32.4,8.3,32.1,0
42.2,39.1,37.2,19.4,1
106.4,27.4,13.2,20.0,1
100.0,64.2,10.7,16.0,1
66.8,23.3,52.3,14.0,0
44.3,40.6,9.1,19.2,0
62.7,32.4,42.9,20.2,0
79.1,38.4,26.2,19.5,1
39.3,26.9,35.6,29.9,1
112.1,51.1,3.4,19.2,0
148.2,62.5,2.0,19.5,0
193.2,81.0,49.4,24.9,1
185.4,83.2,29.6,19.0,1
58.0,38.5,6.1,23.2,0
82.1,61.1,21.9,12.3,0
65.8,37.6,31.4,12.4,1
65.6,49.3,9.9,20.7,0
62.3,40.7,33.7,18.6,0
75.4,32.2,32.7,15.1,0
165.1,63.5,37.0,20.7,0
94.5,49.7,49.0,21.3,0
26.0,26.1,25.9,15.7,0
144.0,60.9,53.5,16.9,1
88.0,52.4,29.5,21.3,0
107.3,46.5,28.5,13.9,1
93.1,7.9,40.0,16.4,1
96.3,64.2,37.8,23.2,0
99.5,41.3,2.7,19.9,0
12.8,13.3,59.0,17.1,0
106.3,33.1,56.7,14.6,0
40.8,26.2,18.3,13.9,0
50.2,25.8,34.4,19.2,0
74.9,29.9,46.7,32.2,0
213.6,65.2,55.4,23.4,1
30.5,34.0,36.0,12.0,0
73.0,62.6,3.1,24.2,0
61.1,45.1,41.5,15.4,0
142.5,69.1,7.4,20.0,0
59.7,30.4,40.9,16.5,0
88.7,43.4,36.1,32.1,0
30.6,32.8,39.2,13.2,0
159.2,51.9,13.0,21.9,0
19.1,19.7,30.6,15.9,0
105.3,56.6,37.8,24.4,1
89.1,55.4,19.4,21.8,0
98.9,45.5,12.5,27.5,0
19.4,10.5,14.9,24.3,0
58.8,31.1,51.8,15.8,0
137.8,37.2,28.9,37.5,0
235.0,79.7,40.3,23.3,0
68.8,40.3,31.9,16.7,0
129.0,49.0,50.4,21.2,1
82.9,43.6,31.5,23.8,0
71.6,42.9,7.4,23.6,0
53.4,36.4,13.5,23.0,0
75.2,24.4,2.8,25.8,0
121.1,47.2,50.2,25.2,1
128.1,56.9,40.5,14.9,0
23.7,44.9,46.0,32.6,0
49.5,29.1,43.5,31.8,1
29.2,33.9,49.8,24.8,0
78.1,50.1,59.2,20.2,0
57.1,31.9,39.9,20.3,0
96.5,57.9,16.6,18.1,0
101.4,59.8,7.9,18.8,1
6.3,38.1,36.2,6.9,0
74.7,44.2,46.7,29.2,1
167.3,90.2,34.6,27.1,1
49.5,25.0,19.6,9.9,0
48.3,57.6,43.7,25.3,0
148.1,66.2,28.0,20.0,1
132.2,69.1,18.6,18.8,0
32.1,24.2,50.8,23.0,1
123.3,61.0,35.4,9.5,1
38.9,46.8,18.4,19.9,1
47.9,18.9,21.1,20.5,0
32.1,26.1,35.2,20.5,0
23.5,5.0,26.5,11.8,0
81.6,38.2,11.3,22.7,1
20.1,15.2,37.4,26.4,0
84.0,38.4,42.0,22.4,1
82.1,75.6,2.0,18.6,1
66.4,57.2,33.1,36.1,1
51.5,15.6,35.5,14.5,0
43.4,37.5,21.3,24.6,0
28.4,36.7,21.6,21.5,0
194.2,64.5,20.4,32.1,0
64.1,38.2,27.8,22.3,0
62.5,38.9,49.1,23.6,1
33.5,12.2,29.2,23.0,0
180.7,52.8,59.6,13.7,1
45.8,33.5,23.8,14.8,0
90.1,43.7,42.6,18.3,0
103.0,37.3,33.8,25.7,0
81.6,30.9,46.2,21.4,0
19.6,23.8,53.5,18.8,0
119.7,60.6,31.7,28.2,1
45.4,30.4,30.7,8.1,0
131.3,72.3,56.7,12.2,0
71.2,29.4,56.2,5.0,0
107.6,49.2,59.8,27.2,1
172.8,58.9,11.1,19.4,0
116.6,56.2,2.2,25.8,0
109.4,38.0,27.4,19.3,1
123.5,74.0,44.5,26.1,1
37.7,9.1,6.2,19.2,0
135.2,74.4,23.7,22.5,1
60.3,36.2,35.7,21.6,0
61.9,42.1,14.3,22.0,0
79.7,55.9,44.4,30.1,0
55.9,44.3,15.3,10.3,1
31.0,19.0,50.8,19.6,1
75.2,46.0,22.2,21.2,0
62.1,57.9,36.7,20.3,1
60.4,24.4,33.6,17.6,0
69.4,62.8,19.2,16.8,1
7.2,26.4,27.5,29.2,0
60.7,30.0,51.1,19.6,0
187.3,56.1,33.8,34.6,1
177.5,61.7,5.2,23.2,0
77.2,15.8,43.4,18.3,0
75.2,33.8,12.6,23.3,1
4.8,18.1,30.2,20.7,0
47.7,19.0,29.2,28.1,0
122.7,59.6,30.2,13.0,0
54.8,31.1,3.8,9.2,0
152.2,50.4,17.8,22.2,0
146.0,52.6,4.9,25.0,0
46.9,36.0,26.1,21.7,0
81.6,41.3,38.0,24.0,0
197.2,60.9,39.9,23.2,1
19.1,26.3,5.7,11.1,0
55.8,33.3,8.9,21.7,1
17.1,10.6,40.4,27.9,1
35.3,25.4,32.8,21.0,0
235.9,85.9,50.3,12.1,1
55.8,40.8,13.9,18.0,0
9.8,19.7,9.0,23.3,0
30.7,35.8,23.0,30.8,0
15.2,12.0,38.9,8.3,0
84.0,29.6,30.2,22.2,0
102.0,42.5,7.7,14.4,0
136.4,72.1,6.1,23.0,1
118.1,51.5,41.3,23.5,1
20.1,21.7,19.2,18.6,0
98.3,63.1,40.8,23.8,1
67.1,33.3,19.1,26.8,0
150.1,84.3,20.3,19.0,1
127.6,45.8,14.2,12.0,0
256.3,71.9,59.1,28.6,1
33.0,26.3,2.9,25.0,0
28.8,24.2,9.4,23.4,0
50.2,22.8,50.5,15.9,1
69.2,68.5,10.0,25.9,0
42.3,34.4,18.3,32.3,0
34.6,34.2,17.2,19.3,1
93.6,37.9,42.4,20.6,1
50.0,25.6,25.8,13.6,0
40.7,42.5,50.8,15.7,0
20.1,5.0,45.4,13.6,0
5.5,7.7,32.8,20.8,0
181.3,62.4,16.4,18.0,1
177.7,80.6,48.0,22.2,1
130.3,48.1,52.2,14.6,0
109.7,52.4,50.5,19.0,0
46.2,31.9,5.0,14.3,0
112.9,63.8,42.5,21.1,1
26.9,7.7,42.8,10.2,0
80.1,48.9,56.7,20.9,0
37.7,27.0,17.3,18.3,1
113.3,59.4,47.6,21.1,1
206.1,61.7,42.0,10.1,1
30.6,27.9,53.0,23.9,1
48.2,30.8,42.2,18.2,0
79.0,27.7,51.4,21.3,0
11.4,7.5,22.9,8.8,0
16.0,17.0,11.1,12.5,0
202.1,72.1,23.1,17.7,0
93.9,34.4,49.3,28.3,0
44.1,27.1,9.6,23.2,0
72.8,15.6,39.0,20.8,0
50.3,28.1,59.3,14.5,1
80.8,52.5,53.9,13.4,0
51.9,41.4,40.9,21.7,0
68.5,36.1,48.0,24.2,0
120.4,53.0,8.8,21.3,0
115.0,38.8,30.9,30.3,0
194.6,88.2,32.9,15.9,1
98.8,69.5,47.4,21.1,1
76.4,41.1,18.4,9.8,0
214.0,100.0,8.2,21.3,1
63.0,27.6,42.5,28.8,0
6.4,6.6,30.6,13.8,0
131.4,44.3,50.9,25.1,0
90.5,40.0,29.9,28.6,0
73.7,66.2,51.1,15.9,1
133.8,50.1,31.5,22.8,0
52.3,22.8,47.4,29.5,0
6.8,10.9,43.8,21.4,0
135.6,67.6,17.4,24.7,0
42.8,42.7,19.9,9.4,1
31.7,22.1,54.2,23.6,0
7.4,5.0,15.4,23.1,0
127.9,38.4,42.5,12.0,0
3.5,41.5,10.4,14.2,0
171.8,71.2,45.8,23.6,0
56.6,34.9,15.0,18.2,0
132.1,75.5,36.5,26.7,1
101.0,68.8,34.7,21.9,1
240.2,79.6,13.8,20.3,1
99.0,44.5,30.5,19.0,1
167.6,54.9,53.0,21.8,1
46.9,28.3,41.5,24.8,1
15.9,6.1,59.6,23.2,0
146.4,38.7,47.5,17.5,0
15.4,5.0,39.3,27.4,0
126.9,64.7,34.7,23.9,1
28.3,8.3,56.4,22.3,0
91.8,66.4,32.6,20.6,1
243.2,72.0,25.4,23.0,1
120.1,70.9,50.4,9.0,1
63.3,31.4,56.5,21.4,0
102.7,26.9,29.8,29.8,0
48.4,47.5,10.0,21.3,0
305.1,100.0,37.3,20.5,1
40.0,19.1,45.0,16.4,0
68.8,33.2,23.7,23.0,0
112.6,37.3,45.4,18.8,0
97.4,42.9,32.8,27.9,0
105.5,47.7,19.5,14.8,1
49.2,28.1,38.5,17.3,0
61.2,13.5,24.6,16.4,0
141.8,48.5,47.6,31.0,1
137.1,62.7,2.2,18.9,0
99.1,42.3,49.5,16.7,0
181.7,61.5,19.8,7.5,1
145.7,45.3,57.7,14.5,0
134.2,46.2,46.0,23.2,0
15.1,40.7,16.0,23.1,0
98.2,30.9,58.8,16.1,0
85.8,50.1,31.0,16.4,0
197.3,69.9,32.3,31.2,1
65.8,39.4,54.8,36.2,1
80.6,31.4,55.3,26.9,0
27.9,22.8,42.4,29.4,0
33.4,28.3,58.8,30.6,1
197.7,63.2,21.1,33.3,1
105.2,50.3,15.5,18.2,1
243.6,86.4,3.7,14.7,1
64.9,62.3,22.1,31.0,0
19.3,28.2,37.0,14.2,0
57.7,11.5,19.7,13.8,0
49.9,46.4,35.6,14.0,0
123.0,48.3,4.8,19.2,0
119.6,74.0,22.5,8.1,1
108.9,64.9,45.4,11.4,0
293.4,87.3,8.1,16.3,1
174.7,72.3,43.5,12.8,1
35.6,21.8,46.3,26.4,0
149.0,57.3,35.0,20.0,0
76.6,47.3,53.4,23.5,1
63.5,49.2,57.4,22.8,1
189.4,78.1,4.0,18.8,1
33.5,29.3,41.4,25.9,0
142.3,85.4,15.8,22.7,1
127.2,47.4,25.7,18.1,0
32.9,8.9,38.1,9.9,0
14.5,6.6,43.3,23.1,1
70.3,55.3,50.7,12.4,0
160.8,59.3,42.9,22.3,1
98.0,46.4,47.1,20.5,0
193.5,61.9,36.7,11.8,1
93.1,37.9,8.8,21.6,0
202.1,61.1,3.2,21.1,1
45.5,37.0,32.7,21.2,0
108.7,46.0,43.5,20.9,1
54.3,38.8,8.3,16.1,0
68.6,41.2,26.9,23.5,0
80.4,35.0,16.9,15.9,0
97.7,26.9,34.9,13.6,1
40.3,11.5,24.6,24.0,0
105.0,82.6,13.7,25.6,0
77.4,57.1,2.3,23.6,0
20.5,41.2,20.6,18.8,0
12.0,14.9,31.9,8.4,0
161.2,60.4,55.9,28.9,1
65.9,26.7,15.2,8.3,1
18.2,8.8,31.7,23.5,0
224.2,69.0,34.9,32.7,1
112.7,64.1,39.7,20.9,0
95.8,54.1,21.1,21.7,1
37.1,17.6,7.8,22.3,0
20.2,21.3,55.4,21.2,0
85.9,50.5,57.3,34.1,1
73.7,31.6,27.4,14.9,0
28.4,28.0,35.7,14.2,0
27.4,31.7,3.7,18.0,1
26.1,31.2,4.7,30.4,0
25.2,29.3,6.4,16.5,0
44.3,23.2,44.8,22.6,0
95.9,37.4,15.2,26.4,0
107.9,33.4,12.7,24.7,0
72.5,19.4,2.5,26.1,0
83.0,39.4,3.3,28.5,1
111.6,57.7,25.5,21.8,1
8.5,5.6,33.4,17.3,0
87.9,45.2,35.6,20.9,1
180.0,74.4,28.6,18.0,0
64.6,14.1,28.7,35.1,0
156.8,55.9,45.7,16.8,1
65.5,56.1,18.8,22.9,0
116.9,55.8,15.8,11.0,0
94.4,21.2,51.6,20.8,1
25.6,34.3,42.0,18.3,0
31.9,19.0,29.7,24.1,0
202.1,78.8,18.0,24.2,1
135.1,45.5,9.9,28.5,0
69.1,36.6,4.2,28.0,0
62.1,29.1,51.4,19.6,0
37.3,29.4,36.4,14.3,0
100.4,38.3,4.7,15.0,1
40.3,27.4,11.2,21.8,0
55.7,19.8,18.2,20.9,0
44.1,36.9,17.3,21.5,0
129.3,54.4,33.8,16.8,0
66.8,17.3,25.2,28.6,0
83.4,52.8,53.2,11.2,0
26.2,24.4,43.7,16.5,0
43.8,32.9,54.8,13.5,0
84.8,50.4,52.0,18.7,1
15.4,27.8,55.4,27.5,0
62.9,49.7,58.8,18.3,0
74.3,35.0,20.1,20.6,0
23.0,38.2,14.2,24.0,0
152.0,59.5,11.6,18.0,0
96.9,50.3,38.4,22.3,0
66.5,41.5,41.5,21.5,1
41.1,45.2,7.1,13.2,0
14.7,32.3,49.6,17.2,1
144.2,50.7,47.4,22.1,1
51.5,25.2,38.5,27.7,0
19.3,24.2,27.3,27.7,0
40.1,20.9,10.9,32.6,0
104.5,33.5,31.3,22.9,0
89.7,16.9,11.2,17.5,1
28.5,8.5,37.1,19.6,0
161.9,84.3,20.0,19.3,1
19.0,16.9,16.3,17.6,0
184.8,89.0,27.6,22.3,1
86.9,46.6,35.7,22.6,0
54.8,33.1,23.3,13.0,0
61.3,17.3,57.9,26.5,1
79.7,40.0,2.3,9.0,1
110.4,70.3,54.9,18.7,1
11.9,41.7,2.0,26.9,0
38.9,33.0,14.6,23.6,0
77.7,25.7,59.8,17.9,0
166.1,50.0,44.2,31.8,0
161.9,50.2,39.4,17.4,0
210.5,88.0,44.1,8.0,1
156.7,78.7,25.7,22.7,1
36.3,31.4,47.5,9.3,0
74.0,34.9,11.0,15.0,0
157.3,77.9,48.0,23.7,1
147.0,45.0,56.5,17.2,1
63.8,36.6,51.7,23.5,0
108.2,52.6,44.9,13.1,0
51.3,22.5,39.8,25.2,0
17.4,16.7,32.2,9.9,0
68.3,28.5,24.9,27.9,0
65.1,53.3,52.2,17.1,1
49.3,55.3,39.6,29.2,0
110.7,49.0,27.2,15.0,0
62.1,32.3,47.5,31.5,1
99.9,37.8,5.1,14.3,0
127.7,51.9,49.2,9.2,1
316.7,92.6,49.0,20.3,1
69.2,36.1,15.3,27.4,0
167.7,66.9,4.2,24.7,0
88.8,37.3,43.4,27.0,1
92.6,40.9,13.6,24.9,0
69.9,35.3,59.8,15.1,0
83.1,37.0,2.5,24.6,0
62.5,30.3,15.3,20.6,0
148.3,66.2,4.4,15.7,0
40.2,8.8,47.4,21.1,0
17.2,43.2,35.6,19.7,1
47.9,33.6,51.2,28.5,1
43.6,38.2,57.8,16.9,0
47.9,40.7,37.4,16.6,0
67.1,28.3,15.4,15.8,0
48.0,21.0,7.4,31.4,0
66.3,24.2,52.2,16.1,0
48.1,29.1,16.2,27.8,0
101.4,53.8,53.8,13.8,1
314.8,91.7,52.9,23.0,1
87.5,49.2,38.4,21.6,0
49.8,5.0,37.0,27.4,0
4.8,16.6,57.1,26.5,0
248.8,96.2,45.8,20.5,1
91.1,40.7,41.6,16.8,0
65.9,26.5,27.3,29.7,0
5.3,13.4,30.1,16.2,0
68.6,5.0,24.6,6.4,0
82.6,28.5,56.9,8.8,0
48.3,44.8,39.0,10.3,0
21.0,18.3,47.3,23.6,0
19.6,19.3,4.2,33.3,0
251.4,54.9,51.4,7.8,1
80.8,20.6,26.2,15.3,0
48.3,46.3,44.8,20.5,0
77.2,46.7,4.3,29.3,1
73.2,22.7,53.8,15.3,0
18.5,17.1,40.3,23.5,0
141.7,55.1,28.5,18.5,0
64.5,21.8,19.6,35.6,0
81.7,16.4,20.0,20.9,0
197.7,67.5,19.6,22.1,1
21.7,32.3,9.6,20.5,1
38.4,36.7,28.9,17.5,1
94.7,54.2,28.3,25.7,0
139.7,36.3,25.9,13.0,1
44.5,31.8,42.8,8.0,0
46.7,28.5,26.3,19.1,0
117.8,48.4,7.2,24.9,0
298.9,92.2,51.4,16.5,1
79.2,31.9,26.7,21.1,0
38.3,5.0,40.0,12.7,1
28.8,41.1,55.9,26.4,1
66.9,40.7,46.5,23.9,1
135.3,36.0,33.3,20.1,1
385.3,100.0,33.6,21.0,1
58.3,29.2,51.3,11.6,0
79.3,34.8,49.8,11.9,1
224.2,66.8,12.4,19.3,1
93.6,49.8,38.3,23.1,0
87.9,32.4,52.2,23.4,0
196.1,55.9,48.6,17.8,1
80.7,53.8,9.2,24.5,0
31.1,25.6,27.3,28.5,0
169.8,60.7,32.1,19.5,1
15.3,32.1,17.0,21.9,0
150.8,49.7,41.4,18.8,1
74.5,33.0,29.6,19.2,1
58.8,38.4,19.3,21.0,1
57.6,15.9,21.5,30.2,0
66.7,39.3,51.7,25.5,0
52.1,24.0,52.2,25.0,0
103.8,56.2,49.1,17.3,1
53.6,40.0,55.0,14.6,1
75.0,43.7,57.2,22.3,1
8.8,5.0,30.5,27.5,0
74.6,37.4,7.6,30.3,0
51.2,18.7,48.4,5.3,0
143.3,55.4,38.7,34.7,1
60.8,7.4,24.1,22.5,0
129.2,33.8,58.6,25.5,1
119.0,64.0,21.6,9.6,0
121.3,54.8,54.6,18.6,1
62.6,31.4,36.4,24.9,1
78.4,28.7,4.1,13.0,0
101.8,32.4,51.9,2.7,0
80.2,42.5,46.2,22.0,0
61.0,31.1,39.3,19.7,0
33.9,47.0,37.6,28.6,1
75.6,36.7,14.7,19.0,0
17.3,25.0,14.4,19.5,0
8.0,5.3,3.7,24.2,0
27.0,22.4,10.9,26.2,0
120.4,52.2,21.5,15.7,0
89.3,37.8,33.4,25.7,0
121.2,44.5,9.6,16.9,0
41.6,34.3,34.3,20.1,1
153.4,76.5,17.3,24.0,0
19.6,26.6,16.7,25.1,0
28.0,40.7,57.0,21.9,0
151.6,65.4,59.6,13.5,1
84.5,54.1,49.1,8.8,1
121.7,43.1,5.2,18.9,0
89.5,39.9,44.3,25.8,0
46.9,29.3,12.3,22.7,0
24.8,32.8,35.0,21.5,0
11.0,32.3,53.8,20.0,0
236.8,80.7,24.1,21.9,1
14.6,34.2,55.9,14.0,0
191.7,61.2,43.1,24.7,0
81.0,50.9,19.5,25.1,0
91.6,55.1,7.5,17.9,0
87.2,49.9,49.3,22.6,0
111.2,49.4,28.6,9.7,0
38.1,38.1,6.2,21.1,0
6.5,10.9,8.0,19.2,0
46.0,33.9,58.1,27.6,0
104.5,49.7,16.1,18.8,0
28.3,11.1,58.1,25.2,1
156.0,64.7,41.5,17.7,0
67.7,21.9,19.4,6.3,0
25.8,21.3,24.3,18.6,0
83.9,41.4,47.1,21.2,0
103.2,37.0,27.3,20.9,0
108.7,48.2,6.3,21.0,0
151.7,58.7,15.3,17.0,1
18.0,14.7,51.9,18.1,0
151.9,64.8,42.4,13.2,1
161.6,51.2,31.1,8.0,1
24.9,53.7,16.2,19.4,0
30.1,26.2,29.5,15.5,0
126.1,37.5,47.8,26.5,1
53.9,21.7,6.7,6.9,0
178.0,78.3,59.7,21.7,1
212.1,68.1,51.9,32.7,1
25.7,10.1,20.4,18.9,0
37.4,39.6,52.5,20.0,1
80.6,35.2,41.5,22.6,0
6.3,29.4,40.6,23.0,0
11.5,34.1,10.1,17.5,0
33.6,31.7,54.5,14.0,1
261.6,100.0,28.1,23.9,1
90.2,21.8,48.6,8.6,1
43.1,21.0,19.4,25.0,0
29.8,24.4,19.9,17.6,0
24.6,53.3,58.0,20.0,1
45.8,53.0,30.8,16.8,0
43.6,46.4,5.5,28.6,0
62.1,26.0,50.5,21.5,0
106.9,38.6,15.2,18.1,0
70.0,27.5,53.0,17.9,1
131.4,43.5,55.2,19.1,0
58.6,52.6,6.2,34.4,0
223.0,72.8,35.8,12.1,1
129.2,51.0,58.9,26.5,0
88.3,51.4,56.0,23.4,1
107.1,26.8,32.5,29.2,0
46.9,32.4,41.5,23.8,0
61.3,22.2,37.0,20.0,0
59.4,31.3,13.8,26.1,0
38.7,22.6,39.9,21.4,0
20.5,17.5,21.3,24.5,1
111.4,50.5,21.6,28.6,1
146.2,59.2,26.4,20.6,1
100.2,42.4,51.4,17.5,1
69.8,41.9,15.8,16.1,0
291.2,82.4,16.5,22.7,1
42.6,38.8,2.4,14.7,0
90.6,40.2,11.0,17.9,0
161.0,54.4,58.8,14.2,1
27.2,17.3,27.2,23.1,0
117.5,46.5,13.3,15.5,0
232.9,100.0,58.0,12.3,1
74.4,37.8,3.6,13.3,0
84.6,27.4,30.1,16.6,0
42.8,41.7,48.7,17.1,1
106.2,40.9,46.8,21.5,1
37.8,32.9,13.0,19.0,0
71.0,30.5,43.1,22.2,1
17.9,39.8,38.1,22.7,0
2.7,13.6,41.2,24.4,0
50.5,49.4,17.4,8.6,0
49.8,19.9,49.0,13.2,0
54.2,30.0,34.4,23.3,0
126.5,68.4,44.1,21.3,0
149.1,59.3,56.5,25.9,0
93.4,70.6,51.6,10.7,1
120.3,46.8,47.4,17.1,1
38.8,32.8,18.8,18.2,0
30.8,50.6,5.1,21.0,1
107.8,28.8,35.3,20.2,0
26.8,7.1,4.0,22.8,0
24.0,16.4,43.4,19.3,0
393.6,100.0,44.7,28.2,1
78.2,20.2,34.6,30.1,0
49.9,39.6,11.8,13.3,0
45.2,37.6,52.8,20.3,0
18.4,48.8,36.6,24.8,1
92.0,55.5,31.9,23.5,0
58.4,39.0,34.9,17.6,0
146.1,72.8,6.8,21.5,1
110.2,54.0,44.9,10.5,1
56.8,28.7,5.5,19.9,0
8.8,8.5,35.5,11.2,0
78.3,32.8,11.8,23.0,0
73.0,37.8,14.0,13.3,0
6.5,23.7,15.5,21.0,0
101.2,19.7,2.8,21.9,0
26.0,23.9,53.7,20.5,0
151.5,58.2,48.6,16.2,1
69.6,44.0,3.8,18.7,1
44.1,50.5,5.3,27.1,1
86.9,44.0,47.4,17.5,1
82.9,29.8,2.4,20.1,0
80.6,18.3,29.2,16.7,0
137.8,62.7,8.2,26.1,1
90.9,32.3,36.3,20.5,0
40.7,40.6,59.9,15.4,0
59.9,51.7,12.0,20.0,0
189.4,48.8,57.5,18.6,1
37.5,36.0,52.2,28.4,0
100.0,60.5,59.2,19.7,1
141.4,67.6,46.4,11.7,1
107.2,21.6,51.7,23.0,0
78.7,29.4,36.5,30.7,0
88.2,26.7,52.3,27.2,0
112.1,54.3,8.5,13.4,0
37.1,34.2,45.0,18.4,0
73.4,6.0,38.5,19.8,0
290.1,88.9,5.5,19.9,0
102.3,55.2,18.9,22.3,0
80.8,42.0,14.5,17.9,0
55.1,35.5,25.5,14.5,0
37.5,25.0,13.5,25.7,0
90.4,29.9,17.9,13.3,0
95.1,43.6,19.2,15.2,1
69.6,38.0,36.8,13.2,0
367.3,100.0,9.8,23.7,1
40.5,38.5,16.0,20.6,1
32.5,29.2,20.4,25.3,0
55.8,47.1,28.0,15.3,0
71.4,33.3,4.2,12.5,0
35.8,11.6,60.0,17.3,0
88.8,47.9,19.4,18.9,0
96.0,45.5,18.7,21.3,0
121.6,56.4,34.2,9.9,0
48.6,17.0,51.5,22.9,1
178.8,86.2,28.5,14.6,1
115.9,57.5,16.4,16.1,0
39.8,26.5,34.8,27.0,0
35.6,17.7,30.0,6.9,0
58.9,47.7,26.5,21.9,0
96.2,30.8,59.1,21.9,0
106.6,73.8,59.8,15.1,1
115.8,41.6,34.6,17.3,0
278.0,100.0,5.9,27.3,1
12.5,20.9,34.9,31.8,0
68.1,56.0,57.2,26.4,1
263.0,76.9,55.7,31.3,1
125.6,51.6,14.5,15.9,0
30.6,37.3,13.0,10.5,0
85.5,49.3,10.8,19.7,0
65.0,49.5,49.5,24.8,0
63.2,29.9,30.4,8.9,1
47.8,33.0,21.6,14.4,0
80.4,55.1,20.8,15.1,1
156.9,50.8,18.0,22.1,1
51.5,39.7,53.2,21.4,0
116.4,46.5,25.8,15.3,0
130.9,55.2,16.2,21.1,0
177.8,65.5,43.2,13.1,0
35.1,19.3,38.9,17.4,1
75.7,35.8,43.5,12.4,0
43.3,32.6,49.7,19.1,1
80.5,38.9,7.9,15.2,0
80.1,58.9,2.1,24.1,0
27.5,39.0,4.9,19.8,0
84.1,44.5,43.0,18.6,0
287.1,82.6,56.2,30.6,1
106.9,36.8,21.2,22.3,0
22.3,49.3,47.3,17.8,0
33.1,16.2,44.3,16.5,0
72.8,39.6,58.7,12.9,1
33.8,32.8,29.3,19.6,0
171.5,59.1,11.6,21.8,0
19.7,12.9,46.4,8.5,1
107.4,37.4,49.5,11.8,1
15.5,17.3,43.0,16.9,0
71.9,29.5,52.1,13.4,1
29.5,43.3,23.5,20.3,1
121.5,50.3,42.0,21.1,0
152.5,51.8,17.3,19.3,0
96.0,45.3,27.9,23.3,0
157.3,67.3,16.1,16.5,0
4.3,16.9,11.0,19.7,0
83.3,51.7,4.1,14.0,0
106.3,31.3,40.9,21.7,0
116.2,63.1,52.8,20.5,1
101.9,45.4,20.2,12.8,0
118.0,48.9,26.9,19.1,0
82.6,32.3,2.2,19.8,0
22.6,10.9,25.9,21.7,0
47.5,11.9,18.3,21.9,0
172.1,53.9,35.3,15.7,0
159.2,66.9,54.7,24.6,1
104.9,34.7,31.4,23.1,0
123.3,32.2,41.2,15.7,0
146.7,45.8,42.9,13.1,1
104.1,41.4,10.8,16.1,0
168.8,58.1,22.1,11.2,0
165.1,59.7,8.6,21.2,0
345.7,100.0,27.6,27.1,1
49.2,47.3,53.5,28.5,1
50.0,56.6,29.9,13.5,0
98.6,25.1,28.5,24.7,0
253.0,73.0,14.1,20.5,1
177.8,72.8,20.0,5.6,0
134.0,48.0,56.3,18.0,1
185.9,76.8,19.6,17.3,1
107.7,49.4,44.4,27.3,0
59.5,53.8,4.4,14.8,0
294.1,100.0,9.4,23.4,1
102.1,58.3,20.1,19.4,0
162.7,55.7,54.3,11.3,1
4.3,19.9,14.7,16.7,0
5.8,17.8,44.2,29.2,1
85.3,23.2,11.7,19.0,0
33.9,46.1,37.5,25.4,0
91.2,51.7,36.0,25.1,0
49.9,28.3,38.1,17.3,0
378.0,100.0,18.6,12.3,1
154.0,50.9,11.4,13.1,1
198.0,47.4,53.4,28.7,1
7.8,34.0,35.0,20.9,1
132.7,37.8,14.3,9.6,0
65.2,34.0,26.0,25.0,0
200.5,72.6,5.9,9.3,1
119.6,54.5,29.6,15.0,1
72.9,48.4,26.6,20.5,0
25.1,33.2,9.7,35.1,0
84.1,47.6,27.8,24.9,0
169.5,52.9,39.1,17.1,0
208.2,75.6,55.9,20.2,1
56.3,16.0,42.8,25.5,0
339.2,100.0,31.1,28.5,1
160.6,43.3,46.7,18.5,1
34.5,24.5,18.2,18.7,1
27.5,11.1,40.8,15.0,0
68.5,28.4,2.3,24.0,0
56.2,34.2,6.2,26.2,0
108.3,40.7,38.2,8.4,1
77.5,53.1,13.2,17.6,0
60.2,37.8,41.9,12.7,0
16.5,18.6,38.9,20.9,0
122.2,48.9,5.7,12.6,0
15.0,38.4,24.8,12.1,0
161.0,71.2,37.6,26.7,1
9.0,8.6,43.4,19.0,0
14.0,15.3,49.3,19.6,0
34.4,34.3,21.2,22.6,1
52.1,37.3,50.5,25.8,0
43.5,18.3,22.5,17.5,0
52.0,42.0,2.4,17.6,0
92.5,32.4,37.4,17.6,0
35.1,44.4,16.0,26.5,1
93.2,49.7,9.2,19.6,0
4.4,7.5,17.0,18.3,0
33.9,22.1,50.0,22.3,1
13.2,16.7,55.0,31.0,0
159.7,61.9,57.8,20.4,1
39.5,27.4,19.6,18.4,0
116.8,35.5,28.4,31.7,0
10.5,5.9,48.5,28.0,0
205.9,78.1,20.4,27.1,1
81.0,43.7,24.3,17.0,0
74.0,39.8,15.8,16.4,0
16.8,27.4,35.2,9.0,0
30.0,20.1,40.2,25.8,0
61.8,37.7,20.5,20.5,0
31.2,58.3,3.4,9.2,0
149.0,71.3,44.7,27.2,1
79.1,36.3,37.8,18.0,1
31.5,21.6,14.7,18.7,0
133.4,19.0,20.2,10.9,0
55.2,46.6,57.5,23.0,1
129.1,61.7,38.6,23.0,0
48.0,25.5,36.5,19.7,0
111.0,30.6,39.1,17.5,0
53.6,19.5,57.4,35.8,0
149.0,62.6,21.7,12.8,1
10.8,21.6,18.3,15.7,1
23.0,34.1,23.9,24.2,0
66.4,37.6,48.5,13.9,0
41.1,41.9,9.0,13.5,0
52.2,37.5,14.0,26.8,0
120.4,60.0,15.2,23.6,0
51.3,7.7,38.9,22.9,0
95.7,29.1,39.2,21.1,0
33.7,24.0,23.6,15.8,0
8.1,35.0,18.0,18.5,0
128.6,74.7,45.8,19.5,1
237.8,77.5,3.8,25.1,0
88.4,34.7,44.8,22.6,1
69.3,13.9,14.2,14.4,0
81.4,50.7,54.4,24.7,0
186.9,60.1,26.0,9.9,0
89.2,77.8,39.3,18.1,1
133.0,44.4,9.0,13.1,1
128.9,77.5,16.7,14.9,0
157.9,68.5,42.6,31.6,1
68.1,24.7,33.9,11.2,0
47.5,34.6,46.7,15.1,0
111.9,57.2,34.7,23.1,1
150.2,54.8,35.0,17.2,0
170.3,72.6,51.8,20.9,0
202.7,80.5,26.6,28.6,1
140.8,62.4,53.9,23.9,0
45.2,31.1,23.6,17.2,0
88.3,28.0,21.1,19.2,1
82.4,39.7,47.2,23.2,0
75.6,41.0,2.7,23.8,0
112.1,25.5,12.0,20.1,0
63.2,37.8,6.2,22.2,1
63.3,34.7,31.7,22.2,0
247.5,66.3,38.4,19.4,1
71.0,33.8,2.6,16.4,0
157.1,55.5,11.4,24.5,0
163.4,84.0,19.5,21.8,1
90.1,45.2,19.1,7.5,0
65.3,48.8,7.6,15.0,0
35.0,27.3,12.0,17.1,0
14.7,5.0,51.1,18.8,0
118.0,57.6,42.6,27.2,1
101.3,37.4,19.2,39.2,0
130.7,48.6,17.3,5.2,0
50.1,19.9,6.7,21.8,0
264.3,86.9,22.2,20.4,1
107.9,59.8,25.1,18.9,0
68.9,48.4,54.4,23.3,0
7.4,40.9,45.1,20.9,1
55.0,54.5,29.8,17.8,0
135.1,29.2,9.8,20.2,0
199.1,55.5,40.1,23.3,0
77.7,17.7,56.3,22.8,0
221.3,82.9,6.5,21.1,0
32.5,19.8,51.2,16.5,1
103.5,40.0,12.4,36.9,0
105.7,43.8,42.7,22.2,1
118.7,54.3,12.7,24.6,0
86.1,23.7,36.8,17.0,1
99.4,29.7,15.8,21.1,0
31.8,28.0,33.4,21.1,0
186.3,81.0,36.8,8.5,1
146.5,56.3,37.9,15.7,1
96.5,34.6,41.6,15.6,0
148.9,31.4,6.0,16.4,1
190.4,79.0,42.8,13.6,1
117.4,40.5,11.0,20.3,0
283.3,77.1,41.3,28.4,0
124.5,30.5,9.2,20.8,0
36.6,11.9,29.8,12.9,0
92.9,31.7,24.4,13.8,0
152.9,55.4,58.1,17.7,1
190.5,53.1,38.6,11.5,1
87.5,44.1,7.1,21.8,0
34.0,25.5,42.7,28.1,0
64.2,62.7,13.3,16.5,0
21.2,5.0,18.6,20.5,0
133.8,55.4,23.9,17.4,1
54.4,35.7,47.0,16.2,1
42.1,18.1,56.8,21.1,0
143.1,56.9,55.6,16.0,1
218.4,83.8,11.9,15.1,1
41.9,31.6,5.5,10.3,0
88.0,58.6,50.1,20.4,1
66.3,10.5,18.7,26.4,0
196.5,59.0,35.8,24.2,1
72.6,55.8,58.8,29.0,1
31.1,38.7,12.8,16.0,0
75.3,45.3,23.7,25.1,0
169.3,77.1,52.3,13.4,1
63.2,12.8,39.7,24.3,0
45.9,41.0,56.4,29.9,0
70.0,50.3,38.6,23.0,0
32.0,20.1,19.6,30.0,0
66.3,68.1,48.7,16.4,0
48.9,34.6,46.0,19.2,1
317.6,73.1,56.1,14.5,1
9.9,27.1,29.6,20.2,0
36.5,20.5,31.2,21.6,0
45.9,45.4,20.8,20.2,0
32.2,34.6,17.6,17.2,0
104.3,38.9,59.8,17.1,0
41.2,48.3,58.7,22.1,0
18.9,36.0,32.7,19.0,0
82.1,30.6,57.4,13.1,1
60.3,33.3,22.7,8.6,0
43.0,37.0,51.3,16.4,1
193.2,63.9,38.8,11.7,1
106.9,42.7,43.6,15.0,1
98.3,45.0,43.7,17.5,0
108.6,34.4,38.9,19.1,1
104.6,19.4,51.4,16.0,0
62.8,38.6,24.7,33.1,1
41.6,6.5,51.3,12.4,0
83.5,29.0,12.6,27.3,0
61.9,14.2,13.6,19.0,0
9.8,5.0,43.6,16.1,0
29.6,32.5,45.5,23.5,0
55.7,31.3,54.3,17.3,1
145.2,53.2,17.9,15.2,0
83.8,25.2,5.3,30.7,0
35.2,20.9,31.4,6.8,0
27.2,31.3,52.8,18.5,0
167.2,61.2,58.3,21.1,1
65.2,46.2,51.8,28.4,1
1.3,31.9,30.4,17.6,0
68.6,34.1,52.1,36.0,1
124.0,28.8,14.4,24.6,0
26.3,17.5,55.4,5.8,1
79.0,38.6,34.9,11.3,1
84.8,31.9,24.6,21.4,0
27.9,14.3,35.7,13.1,0
177.7,65.3,47.5,23.3,1
85.9,70.6,15.9,17.3,0
55.5,28.0,7.9,12.8,0
65.6,36.4,44.5,14.2,0
22.9,10.0,57.2,25.1,0
21.9,40.4,38.9,7.9,1
51.2,43.3,10.3,26.3,0
53.9,43.2,39.3,26.4,0
62.2,51.9,8.8,18.0,0
188.4,62.0,19.6,11.6,1
119.3,46.2,3.8,23.3,0
11.9,43.5,30.3,17.1,0
164.6,68.7,20.6,10.9,1
50.9,6.1,7.7,31.5,0
127.5,57.3,19.9,14.7,0
54.4,26.6,39.6,11.2,0
81.8,51.2,18.8,21.7,0
24.7,31.1,10.3,19.6,1
96.0,23.1,33.6,28.9,1
137.9,57.7,45.7,17.7,1
14.8,26.2,50.1,17.8,0
139.4,59.2,29.4,22.0,0
41.5,37.3,43.2,21.2,0
229.8,95.4,50.3,21.4,1
129.2,57.3,41.0,21.6,0
113.7,48.7,32.6,21.0,1
65.9,50.2,5.5,17.5,0
355.8,100.0,18.8,25.0,1
51.2,43.8,20.5,17.8,1
30.3,30.0,24.9,24.8,1
42.8,35.9,57.2,28.3,0
155.5,62.0,14.1,15.9,0
80.6,40.4,33.4,34.4,0
71.8,63.9,59.5,15.7,1
51.8,24.0,37.9,15.8,0
68.9,51.1,14.1,23.2,0
48.8,30.7,57.7,22.6,0
121.5,32.6,21.5,20.4,0
61.0,33.0,4.8,24.9,0
43.5,24.3,27.0,21.5,0
146.6,63.6,16.0,32.4,0
31.2,28.9,49.5,19.7,0
81.5,28.1,14.8,14.9,0
9.7,40.1,49.6,16.7,0
20.1,38.1,4.1,22.8,0
55.8,53.0,55.9,22.9,0
48.1,34.9,4.4,21.2,0
48.0,31.6,56.4,14.9,0
130.0,61.0,6.3,26.7,0
135.4,46.9,52.6,31.6,0
93.7,45.0,50.2,20.2,0
29.6,25.3,36.5,30.9,0
68.4,19.6,4.1,25.2,0
251.6,84.4,38.0,33.3,1
333.2,98.0,37.8,22.8,1
147.6,54.0,34.3,20.8,1
30.8,32.1,38.6,25.1,0
68.9,52.5,58.2,17.4,1
89.2,32.1,59.7,22.4,0
79.5,35.8,32.2,28.0,0
158.4,50.4,7.3,24.9,0
126.1,41.6,9.8,19.8,0
29.2,20.2,43.8,21.2,0
44.4,28.7,59.0,24.5,0
147.2,63.8,27.3,24.3,1
192.6,72.0,7.7,24.5,0
90.0,29.8,22.5,22.0,0
208.8,87.7,24.3,15.1,1
82.6,52.0,59.8,16.0,0
34.3,17.8,41.8,22.8,0
118.1,64.2,8.8,25.0,1
400.0,100.0,21.6,24.2,1
23.1,23.9,4.8,15.9,0
203.5,75.2,39.9,19.1,0
113.4,48.0,41.0,13.0,0
42.1,37.1,5.3,11.7,0
10.0,24.7,21.5,20.5,0
5.6,17.3,54.4,28.1,0
47.9,7.7,50.0,20.6,0
100.5,51.4,35.3,31.4,0
139.8,50.5,30.1,19.0,1
162.7,70.0,59.6,20.2,1
94.0,49.3,43.9,14.1,1
83.5,36.7,57.3,17.9,0
57.3,46.6,6.2,12.9,0
102.3,48.0,14.3,10.7,0
42.7,32.6,3.8,13.0,0
24.4,24.4,52.3,20.5,0
79.7,60.1,42.3,15.6,0
132.5,44.6,12.3,17.0,0
19.4,21.0,58.5,22.5,0
47.9,17.1,57.4,10.7,1
77.4,48.1,15.0,20.5,0
76.2,32.1,39.5,25.1,1
111.2,42.2,40.7,25.6,1
246.8,75.5,2.2,23.1,1
5.7,22.2,41.9,19.7,0
254.2,68.5,14.8,16.3,1
239.6,53.0,54.3,19.5,1
141.5,60.9,50.6,29.9,1
88.8,16.8,54.5,21.6,0
43.4,41.1,45.9,19.4,0
140.2,73.8,11.6,23.4,1
92.3,41.1,22.9,20.3,0
58.3,50.2,43.1,21.4,0
137.7,54.1,20.8,18.5,0
154.6,77.8,43.2,17.5,1
191.6,62.4,21.5,26.0,1
39.3,5.0,12.3,8.3,0
175.1,62.8,32.1,22.9,1
59.2,55.3,41.8,17.1,0
89.0,48.7,32.0,8.6,1
102.3,39.4,39.2,14.2,1
165.5,65.3,27.4,19.8,1
128.0,63.6,47.1,20.6,1
57.5,33.3,39.7,24.4,0
6.9,53.2,35.3,24.8,0
110.3,41.4,27.3,10.7,0
86.2,53.6,33.1,22.3,1
22.8,34.8,5.0,24.4,0
94.1,35.1,40.7,21.3,0
76.7,34.1,13.9,23.0,0
190.3,79.8,51.9,8.4,1
265.7,88.2,49.1,14.1,1
152.0,62.1,32.6,28.2,0
73.2,18.7,51.1,18.3,0
82.1,48.4,40.9,33.3,0
38.0,33.0,10.2,12.3,0
44.8,30.4,45.0,29.4,1
69.9,41.8,59.8,16.3,1
64.2,31.1,4.4,25.2,0
21.4,18.3,16.2,18.2,0
191.7,65.0,36.7,20.7,1
210.0,66.9,26.1,23.6,1
187.5,93.0,39.0,16.3,1
214.8,84.7,36.0,24.8,1
317.2,87.7,47.7,18.4,1
38.7,54.1,6.1,21.1,0
308.3,91.9,27.6,4.1,1
57.2,34.7,51.9,18.0,0
122.5,61.4,23.0,27.6,1
16.2,5.0,31.2,24.2,0
51.2,30.0,3.3,25.3,0
155.0,51.9,15.0,20.3,1
126.7,54.1,28.9,30.1,0
56.3,38.5,25.1,21.7,0
82.1,39.6,43.4,16.0,1
46.7,30.2,37.5,25.1,0
154.7,71.5,53.1,25.5,1
200.4,73.7,51.6,23.8,1
38.9,30.2,16.0,17.6,0
75.8,40.7,3.0,21.7,0
20.5,47.2,51.6,28.4,0
92.0,45.1,21.1,22.9,0
113.4,42.2,22.1,11.1,0
97.7,21.5,11.2,16.2,0
107.0,29.5,42.2,15.9,0
69.6,31.8,18.2,15.5,0
70.9,36.4,12.3,7.3,0
68.3,30.4,31.2,31.3,0
49.9,36.7,45.5,14.7,0
55.3,27.0,17.6,15.2,0
109.7,36.4,43.9,8.3,1
191.8,75.3,28.8,25.2,1
32.8,44.6,25.4,19.5,0
70.7,24.4,22.9,17.9,0
26.4,29.5,10.4,18.2,0
50.7,9.8,21.3,23.5,1
58.1,16.8,53.0,17.1,0
87.2,34.7,7.9,8.1,0
85.3,55.0,57.6,12.3,1
75.2,29.5,8.2,11.9,0
103.2,36.0,23.0,21.7,0
35.8,29.4,37.2,25.6,0
87.7,42.4,50.6,28.8,1
129.3,42.9,10.3,10.2,0
35.4,52.7,10.2,23.7,1
12.8,20.0,38.4,16.3,0
153.8,59.8,19.0,37.5,1
27.3,22.0,39.4,28.3,0
48.6,37.4,49.6,30.2,0
126.7,66.5,6.5,24.8,1
33.7,48.4,51.0,22.3,1
146.6,47.5,4.2,17.6,0
42.6,43.9,54.1,16.4,0
38.0,36.1,58.6,15.2,0
26.5,38.3,40.7,23.7,0
43.0,29.6,59.1,29.4,1
114.9,46.5,49.7,17.9,1
48.6,43.4,4.6,15.7,0
154.3,70.0,2.2,11.1,0
77.6,58.2,3.2,21.5,0
82.9,43.1,28.2,27.4,0
37.0,28.0,38.2,27.7,0
170.1,33.0,29.9,28.3,0
130.0,33.2,41.3,22.5,0
127.5,47.1,28.1,20.5,1
66.4,23.4,4.5,27.7,0
23.3,35.6,15.1,13.3,0
86.3,25.9,59.6,17.4,1
111.4,41.8,22.1,30.3,0
112.2,42.5,20.8,13.6,0
101.6,59.9,10.9,19.8,0
98.6,37.3,59.3,23.8,1
42.4,36.0,15.4,20.5,0
44.3,33.4,39.5,26.9,0
26.8,37.5,4.4,29.2,0
155.5,69.1,5.9,22.9,1
257.8,84.1,43.6,28.3,1
400.0,99.6,38.8,14.4,1
90.8,39.9,41.4,19.1,0
98.8,44.5,15.4,34.4,0
68.6,40.6,59.1,31.7,1
89.8,33.6,34.4,12.3,0
33.6,42.1,58.2,19.9,0
67.5,37.0,11.5,20.8,0
38.3,18.5,25.5,22.5,0
60.7,29.7,21.5,27.6,0
41.3,53.5,45.8,31.0,0
111.5,55.8,45.4,20.2,1
121.6,63.0,30.2,26.7,1
96.6,31.6,2.9,23.9,0
44.5,22.8,12.2,19.9,0
25.0,18.1,4.9,9.8,0
122.5,52.8,51.1,26.1,0
77.3,37.2,18.8,23.6,0
12.2,17.2,8.8,22.3,1
85.8,37.1,22.5,14.1,0
99.3,35.3,6.5,31.8,0
17.3,22.2,58.8,20.9,0
112.8,61.6,20.3,13.2,0
20.3,6.9,56.1,12.2,0
40.3,34.2,41.6,24.1,0
20.4,41.7,34.8,24.2,0
36.7,27.0,29.6,17.2,0
25.2,20.0,41.9,22.8,0
154.8,69.8,41.8,24.0,0
63.6,24.1,2.6,20.8,0
53.2,33.0,54.7,15.8,0
164.9,48.8,23.3,25.8,0
159.2,37.4,22.5,25.0,0
56.8,32.4,25.6,23.4,0
95.2,28.6,41.7,15.0,1
47.4,31.7,23.8,12.0,0
71.5,51.3,23.7,20.5,0
29.8,49.7,5.7,25.6,0
105.5,47.5,26.2,26.2,1
169.4,74.6,10.7,23.5,0
149.6,62.2,51.6,17.3,1
80.1,35.4,21.4,15.2,1
10.8,5.0,57.7,19.9,0
45.6,50.9,41.7,20.0,0
71.4,25.3,45.9,26.6,0
22.0,42.1,57.0,17.1,0
18.3,31.0,15.9,17.6,0
201.4,58.6,34.9,32.3,1
137.7,58.2,4.4,29.3,0
111.4,73.4,7.8,14.7,0
126.8,70.1,23.3,28.8,0
26.0,20.4,41.6,13.3,1
35.6,20.3,50.2,17.4,0
91.0,44.0,16.9,18.1,0
96.3,42.1,45.4,19.5,1
20.7,39.6,15.0,23.7,0
86.3,50.5,2.4,20.6,0
72.4,17.8,5.2,23.7,0
146.3,62.1,36.0,17.6,1
96.7,42.0,30.8,22.2,0
216.8,74.7,17.7,20.5,0
57.1,37.3,2.4,11.7,0
27.8,41.3,34.9,22.9,0
213.0,85.0,49.4,20.6,1
100.4,36.1,6.0,15.7,1
72.8,37.5,44.7,17.5,0
36.8,23.8,38.8,17.6,0
57.6,14.2,29.8,18.5,0
55.2,32.5,4.8,30.6,0
26.6,48.8,55.6,32.5,0
7.1,5.0,29.7,3.6,0
54.1,33.2,25.2,22.9,0
129.1,51.6,52.0,25.7,1
179.2,68.2,51.0,18.7,1
150.2,46.0,44.2,25.6,1
156.2,42.0,50.1,29.9,1
29.7,10.9,9.2,11.8,0
92.3,59.0,46.1,20.8,1
112.0,36.2,21.0,31.7,0
117.1,43.3,52.3,12.6,0
71.5,63.1,23.5,19.3,0
84.2,32.2,5.1,17.3,0
147.2,60.9,26.0,26.3,0
109.1,60.1,45.9,27.1,1
123.8,63.1,31.1,21.0,1
52.1,17.0,46.3,20.2,0
119.3,41.3,4.0,9.7,0
83.3,44.5,12.3,28.5,0
137.2,77.4,34.7,17.9,1
42.4,21.5,24.3,19.1,0
129.5,46.5,41.5,25.8,1
58.2,39.6,57.8,21.2,0
130.0,59.9,40.3,26.0,0
92.7,51.3,26.2,23.6,1
78.8,29.5,33.5,21.2,0
60.8,28.8,54.9,21.9,0
73.0,40.8,41.0,13.3,1
54.2,48.7,48.6,19.1,1
59.8,32.1,19.5,26.5,0
107.1,46.5,45.2,14.6,1
14.6,11.3,10.1,15.7,0
128.7,74.5,45.5,14.7,1
130.2,54.4,53.1,20.9,1
62.3,48.5,54.2,28.4,1
85.8,41.8,8.8,23.3,0
33.3,29.4,50.1,6.9,0
102.2,27.5,8.4,23.9,0
37.3,5.0,29.7,17.3,0
2.1,35.5,41.6,23.1,0
174.6,64.6,30.1,19.1,1
30.0,30.0,21.7,14.8,0
71.8,23.0,41.7,19.6,0
88.2,31.2,40.3,17.4,1
106.9,59.5,35.8,21.8,1
76.8,60.1,32.6,14.7,0
94.0,36.1,42.9,13.3,1
61.1,43.3,25.4,24.4,0
17.8,26.7,6.0,26.7,0
74.5,37.2,33.2,23.5,0
117.5,71.6,44.0,16.1,0
31.7,22.5,19.4,15.6,0
88.9,57.1,10.2,15.9,1
245.6,86.0,54.9,25.3,1
70.8,37.5,52.1,15.0,0
73.6,54.9,37.9,25.3,0
16.2,27.5,47.6,23.8,0
28.3,25.9,58.2,27.4,0
37.6,46.0,35.0,26.4,0
114.3,63.6,16.2,23.3,0
33.8,42.9,39.1,11.2,0
100.6,5.0,55.0,23.7,1
40.7,35.5,42.0,20.7,1
16.9,26.8,3.5,17.8,0
124.2,50.6,55.2,28.2,0
55.7,41.2,45.7,19.1,0
107.5,50.0,25.3,16.8,0
16.3,32.2,59.3,26.7,0
6.1,18.3,43.9,17.6,1
82.8,58.7,49.9,16.5,1
27.4,36.2,56.7,13.2,1
81.9,47.0,4.3,15.1,0
83.2,46.7,46.9,15.6,1
75.5,52.8,24.4,23.7,0
155.4,71.1,52.4,13.9,1
99.4,43.5,53.0,8.9,1
245.4,93.2,50.1,21.8,1
56.9,36.3,47.2,16.2,1
22.5,48.6,48.1,19.9,1
43.2,44.0,19.2,27.7,0
59.7,27.4,25.6,20.4,0
259.2,100.0,8.7,29.1,1
78.8,14.5,50.2,19.6,1
159.3,67.5,39.5,26.0,1
53.1,24.9,37.5,16.7,0
47.9,54.6,16.3,20.6,0
15.5,26.9,37.7,14.4,0
253.7,73.9,28.4,15.1,1
196.0,65.8,59.7,18.7,1
89.6,33.8,52.1,12.0,0
62.5,32.0,32.5,21.0,0
81.1,36.3,48.9,18.2,0
21.6,16.4,11.5,21.4,0
107.3,50.1,7.9,12.1,1
185.3,71.0,38.6,24.2,0
191.6,55.9,44.2,30.2,1
16.3,5.0,5.1,28.9,0
158.3,63.3,13.7,31.4,0
21.8,31.8,33.2,20.3,0
6.7,30.4,5.6,17.9,0
162.4,67.2,26.6,22.9,0
49.6,51.3,30.0,18.6,0
147.1,68.7,55.5,9.6,1
138.1,86.7,20.3,24.9,0
126.1,88.7,11.8,18.6,1
80.3,19.0,2.4,11.2,0
24.3,5.0,9.1,17.0,0
59.8,34.9,45.6,18.7,1
193.7,74.5,27.8,20.1,1
149.7,56.5,13.5,20.1,0
62.3,44.0,56.1,28.2,1
61.7,32.2,47.7,12.3,0
118.3,41.3,8.6,19.1,0
84.8,34.7,17.6,14.7,0
65.0,33.8,51.3,27.5,1
111.4,58.0,42.2,16.6,1
108.8,41.3,56.8,17.9,1
44.2,27.6,6.4,26.3,0
97.7,51.3,47.0,27.9,1
104.0,43.6,6.4,28.8,0
75.7,52.3,21.5,10.1,0
40.2,19.0,45.5,22.9,1
58.3,20.9,43.2,21.6,0
33.2,32.0,2.1,19.7,0
99.6,49.8,13.7,20.4,1
16.4,13.7,47.2,27.7,1
207.2,87.9,9.3,26.2,0
179.4,88.0,20.9,25.4,1
105.8,38.9,12.7,21.2,0
143.7,73.8,8.5,33.6,0
137.1,25.7,50.5,17.6,1
85.8,54.4,5.6,10.3,0
66.4,26.3,33.1,18.4,0
60.6,46.9,42.2,20.3,1
212.3,61.5,5.3,27.8,1
38.9,28.9,38.7,16.9,0
39.6,20.2,21.4,22.9,1
152.5,55.6,50.3,11.1,1
142.8,77.6,48.3,26.5,1
63.4,34.5,48.0,20.4,1
114.1,73.8,25.1,18.3,0
124.9,46.6,49.7,32.8,1
23.1,43.7,38.5,26.4,0
187.3,47.3,24.0,13.8,0
124.9,47.8,6.7,19.3,0
107.3,40.4,5.9,36.4,0
125.6,69.8,16.6,31.9,0
98.1,46.8,19.4,25.5,0
72.4,13.0,55.8,8.9,0
86.3,25.9,60.0,28.0,1
21.0,13.1,10.3,16.2,0
268.9,98.4,56.7,27.9,1
71.5,47.5,43.0,15.7,0
265.9,82.9,30.9,22.9,1
87.4,35.3,57.4,16.2,1
47.5,40.5,43.4,17.8,1
183.7,52.4,36.4,23.7,0
104.2,51.5,14.2,12.1,0
333.0,100.0,16.2,34.2,1
46.5,28.3,54.9,13.8,0
188.9,72.0,14.5,13.5,1
195.6,70.1,3.9,23.8,1
132.3,59.0,17.4,27.8,1
196.7,53.2,29.9,18.1,0
72.8,45.6,24.2,13.6,0
38.7,42.0,56.3,14.5,0
51.2,36.6,26.3,13.8,0
83.0,48.0,53.6,21.8,0
137.0,52.9,36.5,19.6,1
41.2,41.0,32.4,22.6,1
60.6,35.9,11.3,22.2,0
44.1,17.3,17.7,24.9,1
154.2,68.4,52.3,17.5,1
264.5,66.5,47.2,15.6,1
33.0,31.7,28.0,20.9,0
117.9,44.9,54.7,19.7,0
167.6,56.5,49.5,21.5,1
67.8,39.0,8.5,15.7,0
22.2,17.0,37.1,23.9,0
182.5,71.8,48.3,12.9,1
20.8,25.9,48.9,17.4,0
219.2,67.4,7.3,26.8,0
43.3,46.9,15.0,13.2,0
17.8,26.9,26.0,26.3,0
54.4,41.2,16.6,11.5,0
78.0,56.5,8.3,10.5,0
90.9,59.5,38.5,11.0,0
125.0,58.2,31.4,20.7,0
97.1,40.6,11.0,24.4,0
250.4,65.4,36.0,27.8,1
75.3,41.3,5.6,27.3,0
100.9,58.4,24.2,25.2,0
94.8,48.0,48.0,15.0,0
15.5,5.0,53.6,15.0,0
27.5,37.3,16.2,24.7,0
83.2,52.0,51.9,28.5,0
109.9,43.9,53.7,13.8,1
9.4,34.2,37.2,27.8,0
258.0,92.0,59.0,8.5,1
116.4,40.9,16.3,22.3,0
79.7,55.2,6.0,19.4,0
112.6,32.9,50.9,18.8,0
51.9,32.3,30.5,20.2,0
91.7,41.0,22.1,14.9,0
102.7,35.8,5.2,22.7,0
184.0,69.6,5.7,20.4,1
70.1,53.3,7.3,25.6,0
21.4,40.3,12.7,29.5,0
37.8,38.1,58.3,20.8,0
65.8,16.1,18.3,15.1,0
23.9,9.9,49.4,13.2,0
34.2,30.5,3.1,30.2,0
38.2,29.1,20.7,29.4,0
62.3,29.6,54.6,25.3,0
115.3,71.7,12.7,20.4,0
60.0,36.3,18.5,24.9,0
120.9,56.7,49.9,27.8,1
79.8,51.8,9.0,16.3,0
35.3,29.5,5.1,20.2,0
103.9,77.1,58.0,13.4,0
92.5,31.8,25.5,19.2,0
123.2,43.5,40.2,29.3,0
141.4,44.0,9.4,26.5,0
187.9,85.7,14.8,20.8,1
118.1,59.1,28.7,3.8,0
90.3,36.0,41.2,16.1,1
123.6,40.5,19.0,20.6,0
55.3,50.4,53.3,18.7,0
51.9,37.3,47.3,20.2,0
205.3,88.2,34.0,21.5,1
50.7,32.0,28.6,16.8,0
39.0,35.9,37.9,20.0,1
118.0,53.1,44.4,19.1,1
55.7,26.4,9.8,15.8,0
140.4,53.4,51.5,31.1,1
178.6,50.4,30.4,17.1,1
44.0,36.9,56.2,6.5,1
128.2,61.2,57.4,30.7,1
49.7,44.3,3.8,14.9,0
66.9,44.7,24.3,25.4,0
100.5,43.6,32.5,15.9,0
52.0,51.6,33.3,23.4,0
94.0,54.2,49.7,19.7,1
71.3,54.5,10.2,26.0,0
142.6,73.1,38.1,18.7,1
142.8,54.2,56.7,16.1,1
52.3,37.7,59.8,21.5,0
102.2,54.8,2.6,17.7,0
157.9,45.7,58.4,8.4,1
33.7,14.9,9.1,16.4,0
70.9,22.1,33.1,37.2,0
99.0,43.4,16.3,9.1,0
32.4,24.1,37.2,21.4,1
57.4,17.1,4.1,18.5,0
233.4,80.1,15.8,31.0,1
50.6,31.5,19.4,13.3,0
55.3,48.0,55.1,20.6,0
117.1,73.4,35.9,24.1,0
28.9,32.7,43.1,18.9,1
72.1,29.7,41.2,15.4,0
39.4,37.6,24.8,19.9,0
93.9,43.6,2.8,18.1,0
2.5,17.7,8.2,18.1,0
84.6,30.8,28.6,25.6,0
101.0,39.7,56.6,22.4,0
58.6,32.5,16.4,23.3,0
61.6,45.1,42.5,22.0,1
53.0,39.4,49.9,25.8,0
71.4,59.8,54.6,27.8,0
207.1,79.9,19.0,18.3,1
145.6,61.5,56.0,24.9,1
71.4,34.2,37.3,12.2,1
57.5,21.9,31.5,6.5,0
136.4,47.3,47.1,31.0,0
89.5,34.0,15.8,18.0,0
31.7,5.0,49.1,21.5,0
65.1,24.2,39.7,12.6,0
192.6,87.4,48.4,12.4,1
113.9,52.9,51.6,15.7,1
58.0,30.0,37.8,23.9,0
19.9,29.8,4.1,16.9,0
93.5,19.9,19.3,18.0,1
80.1,43.4,52.9,15.5,1
69.7,52.7,38.4,27.0,0
137.4,52.9,53.6,25.2,1
114.8,27.4,24.3,17.1,0
20.6,20.2,31.3,24.1,1
80.4,55.5,52.0,18.5,0
26.1,29.6,46.2,18.0,1
53.7,16.4,23.9,19.7,0
24.3,54.5,3.3,23.9,0
25.1,11.2,53.1,14.6,0
102.0,42.6,47.6,23.0,1
94.8,31.3,28.1,35.0,0
76.0,26.6,33.7,21.1,0
50.0,27.1,13.9,20.2,0
22.5,33.3,25.9,19.5,0
53.9,49.0,11.5,22.9,0
95.1,39.2,14.2,10.3,0
93.6,31.3,51.1,30.2,0
190.0,73.2,23.0,25.9,1
172.1,69.1,49.3,16.1,1
78.3,42.5,29.5,20.2,0
53.4,36.7,6.1,16.7,0
40.2,28.7,23.0,21.8,0
19.2,26.0,11.2,20.4,0
28.8,25.0,42.2,21.4,0
95.2,56.7,54.9,13.8,1
120.4,76.9,46.3,17.1,1
62.4,37.7,47.1,26.9,1
325.8,100.0,52.0,16.8,1
29.1,30.3,47.0,4.1,0
17.3,16.4,35.0,19.1,0
322.1,100.0,43.4,34.5,1
21.5,30.7,26.1,25.1,0
61.7,30.4,6.1,16.5,0
43.2,41.6,42.9,19.7,1
100.4,45.3,43.9,24.1,0
58.1,22.9,15.0,9.5,0
120.7,54.4,57.3,14.9,1
139.4,57.7,5.0,22.4,1
19.0,36.3,44.7,29.6,0
39.1,39.8,58.2,17.4,0
128.0,50.7,19.9,29.4,0
158.7,54.0,54.9,15.5,0
87.8,42.0,49.9,-0.3,1
105.7,50.8,45.2,24.5,1
198.1,75.3,57.3,23.2,1
58.7,38.3,39.9,24.4,1
87.1,40.7,30.7,24.2,1
172.3,75.0,41.2,21.2,1
179.5,56.8,25.9,18.4,1
71.8,67.7,20.8,18.7,0
40.2,39.2,6.8,17.2,0
71.2,24.3,23.9,17.6,0
76.5,41.4,48.6,9.1,1
39.0,39.0,56.8,12.7,0
44.1,26.8,58.6,19.0,0
179.7,47.0,14.0,6.6,1
109.2,34.8,35.1,8.0,1
61.9,42.0,35.4,18.0,0
30.8,6.6,12.2,19.2,0
44.5,13.7,35.7,18.1,0
15.9,30.4,23.0,5.7,0
89.5,39.7,56.7,29.3,1
42.5,22.3,16.8,11.4,0
94.7,37.7,50.4,15.1,0
127.1,34.1,54.0,12.4,1
95.7,49.7,44.7,27.8,0
56.1,24.3,14.5,22.5,0
37.2,22.9,17.1,17.2,0
26.8,30.9,58.3,16.7,0
168.2,59.0,6.4,21.1,0
92.7,34.7,8.8,12.5,0
58.6,10.8,58.8,22.3,0
115.7,53.3,47.1,16.7,1
150.5,58.6,45.3,23.1,1
43.2,24.6,11.3,22.9,1
90.7,30.2,30.4,16.4,0
92.0,43.2,50.8,7.7,1
192.5,73.9,21.1,18.5,1
58.0,35.7,13.2,11.3,0
36.1,48.7,2.6,20.5,0
98.0,53.0,38.1,18.5,1
122.4,49.3,19.0,16.5,1
85.4,50.2,52.1,12.2,0
201.2,70.9,18.4,27.1,0
57.9,35.0,10.8,17.3,0
86.9,57.3,57.7,34.1,1
20.6,14.4,58.0,20.2,0
34.4,28.9,41.7,22.1,0
43.5,45.1,55.8,20.2,1
65.6,40.1,11.4,22.0,0
24.0,21.6,28.7,26.6,0
114.6,28.2,13.8,26.6,0
40.3,5.0,29.8,9.4,0
289.0,100.0,47.9,25.1,1
41.5,34.1,51.0,23.0,0
80.5,33.1,2.2,20.2,0
73.2,42.5,24.6,30.3,0
31.8,16.6,59.7,30.5,0
65.8,32.5,36.2,25.4,0
65.2,25.0,19.2,16.7,0
139.4,37.9,24.6,12.8,1
100.7,19.9,20.7,24.5,0
113.4,29.2,28.0,28.2,0
137.4,66.6,27.8,7.8,0
114.7,36.8,31.4,26.5,0
90.1,49.0,28.9,18.5,0
43.1,42.3,31.9,9.1,0
86.0,41.7,3.6,22.8,1
36.6,25.6,5.2,25.5,0
69.7,39.0,23.5,17.9,1
63.0,30.7,53.3,13.7,1
66.1,51.0,47.9,30.3,1
24.2,48.6,8.4,16.0,0
2.6,38.0,30.7,27.0,0
54.3,7.8,37.1,10.9,1
159.5,54.6,29.9,22.5,0
79.6,40.0,42.5,22.3,1
151.8,63.5,59.8,25.2,1
36.8,8.5,7.6,29.0,0
52.2,12.1,31.9,15.1,0
300.2,100.0,31.7,23.1,0
38.7,23.0,34.6,11.8,0
111.9,30.1,11.7,11.7,0
111.7,34.7,39.0,16.5,0
103.3,50.5,4.6,22.5,0
112.8,38.3,45.0,30.1,0
38.3,32.5,40.5,31.2,0
56.4,22.3,21.2,17.9,0
4.0,5.0,59.4,21.8,1
196.8,86.3,50.1,25.7,0
112.4,52.9,33.3,24.6,1
43.5,26.9,59.4,19.0,0
37.1,23.0,50.1,20.5,0
161.4,77.9,10.0,19.3,0
41.0,37.3,36.3,18.7,0
43.4,44.6,35.7,18.0,1
30.6,20.6,39.9,19.3,0
127.3,52.4,56.6,17.6,0
150.3,62.4,30.5,13.2,1
63.2,29.2,6.5,25.2,1
151.0,56.6,29.8,23.1,1
97.2,37.3,47.7,31.3,1
29.0,32.0,22.8,22.2,0
187.4,51.0,3.6,17.5,0
30.3,34.4,19.6,16.2,0
66.8,40.4,41.6,20.3,0
63.4,33.4,7.0,23.3,0
55.0,39.1,23.8,18.5,1
10.8,18.3,9.7,11.2,0
260.8,77.2,29.6,15.6,1
12.6,29.7,10.2,20.1,0
195.2,75.8,8.3,24.4,1
36.1,22.9,42.5,11.1,0
47.0,24.6,11.2,21.6,0
182.7,63.5,11.0,21.3,0
104.7,39.6,36.4,17.3,0
21.3,43.6,4.5,16.5,0
20.8,29.0,3.9,15.6,0
94.1,43.7,27.0,20.8,0
29.8,16.3,23.2,26.8,0
108.2,55.9,33.6,27.2,1
116.1,41.7,59.6,13.3,0
39.5,22.0,27.2,18.9,1
49.1,41.5,35.4,6.8,0
96.3,48.7,55.3,20.7,0
38.0,5.0,30.0,23.6,0
79.7,38.0,47.3,29.4,0
312.0,99.5,33.8,9.3,1
99.6,40.8,39.0,13.5,0
55.6,35.8,56.1,20.9,0
278.1,67.8,2.0,10.3,1
133.6,19.4,54.3,21.0,1
30.5,15.9,30.9,23.7,0
35.9,32.4,37.2,12.3,1
14.4,5.0,28.1,20.8,0
95.1,33.6,17.1,12.7,0
8.6,5.0,5.8,28.3,0
277.9,86.6,56.8,21.2,1
61.0,58.8,38.2,16.2,1
139.3,52.2,52.7,12.6,0
56.8,32.9,18.9,22.3,0
93.9,53.5,18.1,28.1,0
67.5,37.1,21.5,15.4,0
78.0,36.9,15.4,17.4,0
169.5,73.5,30.9,15.5,1
225.8,82.1,56.3,29.3,1
214.3,77.0,52.8,8.5,1
400.0,100.0,30.7,27.7,1
41.7,26.3,22.2,17.7,0
100.5,56.1,37.5,19.6,0
42.5,26.6,37.5,18.0,0
164.8,76.0,41.7,21.4,1
31.9,15.4,33.1,15.6,0
171.5,80.1,3.6,26.4,0
87.5,47.5,6.4,26.6,0
70.5,26.0,58.5,14.1,0
76.8,45.3,45.3,24.0,0
26.9,18.9,57.0,17.9,0
29.1,27.7,21.7,20.3,0
88.7,36.3,33.0,29.2,0
88.2,40.5,20.7,16.0,0
44.1,42.3,54.7,25.6,0
60.5,41.3,18.7,22.7,1
106.7,33.2,42.2,18.8,0
37.8,16.6,12.2,22.2,0
12.6,26.4,8.1,21.5,0
201.5,74.5,11.0,13.0,0
93.3,35.2,32.7,16.4,0
51.0,51.9,51.0,13.7,0
42.4,40.4,60.0,18.3,1
37.5,21.9,38.1,28.1,0
164.4,52.4,32.9,23.5,1
22.7,23.0,47.6,11.4,0
100.3,41.1,5.7,18.4,1
100.3,60.1,48.9,21.4,0
128.9,64.0,46.0,24.5,1
55.1,34.2,32.7,16.1,1
190.2,75.7,3.3,12.6,1
131.6,62.8,13.7,19.7,0
53.6,34.1,23.4,23.4,0
40.7,35.0,56.6,21.4,0
67.7,44.0,39.0,14.7,1
52.1,38.9,31.6,30.5,0
35.1,19.4,30.3,19.4,0
79.4,31.7,47.2,21.2,1
60.8,31.7,20.8,16.0,0
220.8,66.7,7.5,26.6,1
52.1,15.3,41.3,23.4,1
40.4,38.2,21.1,21.9,0
75.6,43.1,20.9,13.1,1
91.1,26.7,28.4,26.6,0
96.3,41.2,16.1,24.5,0
95.6,41.7,55.5,26.1,0
77.6,41.6,51.1,20.2,0
73.3,25.4,59.5,19.6,0
116.5,32.9,57.9,18.9,1
32.3,34.3,20.2,33.7,0
40.6,11.7,24.1,16.7,0
17.3,21.5,42.5,12.9,0
32.8,24.3,2.9,17.8,0
153.6,56.9,59.6,16.8,1
113.1,51.3,2.6,27.6,0
240.3,99.3,32.8,11.9,1
203.5,51.7,40.8,16.6,1
113.8,59.0,55.0,21.1,1
84.2,10.9,39.4,27.6,1
76.7,55.9,36.6,24.3,0
8.0,5.0,19.4,29.7,0
70.4,66.8,36.3,22.1,1
46.9,27.1,45.5,18.8,0
34.1,44.0,31.9,25.1,0
101.2,58.3,47.2,11.8,0
64.0,30.8,6.0,9.7,0
80.3,35.8,21.5,25.9,0
29.8,17.4,57.7,21.3,1
135.5,63.3,20.8,25.8,0
51.9,27.9,38.1,14.9,1
97.4,34.5,32.2,27.7,0
55.5,40.3,56.3,24.0,1
6.2,10.8,11.4,19.8,0
104.2,42.1,19.4,21.2,0
67.3,38.1,52.0,22.1,0
16.1,16.3,40.6,14.9,0
26.5,20.7,33.5,17.7,0
138.2,73.0,24.9,22.0,1
17.0,21.8,25.9,17.4,0
50.8,28.4,56.2,11.2,0
254.2,81.5,40.9,21.8,0
106.1,52.0,55.9,25.0,1
125.3,38.9,58.4,26.4,1
59.7,40.1,33.7,23.2,0
14.6,26.7,37.4,24.9,1
86.1,20.1,40.1,25.9,1
28.3,48.6,50.7,20.5,0
25.7,44.0,40.2,7.3,0
78.9,30.1,8.6,27.0,0
30.2,14.1,56.7,14.6,0
72.2,40.8,40.3,13.2,0
41.8,13.3,52.5,13.4,0
70.3,54.0,26.6,34.9,0
48.1,26.4,29.5,22.6,0
71.8,57.4,42.0,13.8,1
192.3,58.2,47.0,15.9,1
127.3,50.5,6.6,20.0,0
65.8,51.7,25.6,23.3,0
172.2,59.2,46.7,21.7,0
98.4,47.9,59.5,14.4,1
164.2,74.2,2.7,21.9,1
19.0,18.1,17.4,16.3,0
30.5,12.5,29.0,26.3,0
85.4,23.8,14.9,20.3,0
64.6,43.1,3.6,15.4,0
72.0,42.7,33.3,24.1,0
110.1,60.3,39.7,22.3,1
86.0,38.2,26.1,17.2,0
135.8,36.8,23.5,24.4,0
133.3,25.1,59.2,23.8,0
31.8,62.4,29.7,27.2,0
6.5,28.0,48.3,24.3,0
30.0,29.1,18.7,18.7,0
28.2,30.4,50.2,9.9,0
76.1,21.9,49.8,21.1,0
75.4,29.3,17.5,22.1,0
61.6,56.3,40.0,20.3,1
101.2,53.2,41.6,1.9,1
329.3,93.2,27.7,24.1,1
60.5,20.4,46.9,14.5,0
88.0,35.8,19.8,24.1,1
71.9,34.2,30.1,30.2,0
44.6,55.7,59.4,18.5,0
110.8,45.4,12.4,22.6,0
58.2,20.3,10.6,20.2,0
36.8,28.5,10.2,23.2,0
39.3,33.0,59.9,20.6,0
139.2,39.4,11.3,16.9,0
108.9,52.0,13.0,14.6,0
48.8,46.7,42.3,29.5,1
100.0,46.7,46.1,22.6,0
72.6,28.6,32.6,25.0,1
89.1,35.9,59.0,22.4,0
43.6,11.0,4.3,25.9,0
29.0,25.7,38.0,14.6,0
57.9,38.2,37.2,20.5,1
33.8,17.7,20.6,23.0,0
31.6,51.2,54.2,27.8,1
20.2,34.5,34.1,36.0,0
6.6,5.0,16.3,22.4,0
49.5,11.1,7.1,16.0,0
157.4,47.5,8.2,12.8,1
131.5,71.7,54.0,14.6,1
211.8,83.6,16.5,15.4,1
30.4,47.1,54.6,2.6,0
116.0,49.1,9.0,15.9,1
65.6,33.9,59.1,24.3,1
39.4,14.9,50.3,20.5,0
145.3,60.5,8.7,18.4,0
66.1,34.2,7.0,10.3,0
12.5,20.3,48.6,26.3,0
130.5,72.0,6.5,23.1,1
95.1,42.2,17.2,19.9,0
79.4,55.8,48.5,6.8,1
25.0,7.2,54.6,17.1,0
86.5,73.9,46.5,22.6,1
192.7,63.7,53.6,19.8,0
93.1,51.8,34.5,21.2,1
17.3,34.7,47.2,24.1,0
98.4,38.6,22.0,20.9,0
93.9,53.3,47.5,23.9,1
122.7,61.1,41.4,14.9,1
92.0,34.4,35.3,12.7,0
31.7,19.5,59.6,22.9,0
76.2,39.6,29.2,24.1,0
58.7,33.3,37.9,23.1,1
83.2,57.5,31.6,20.8,1
148.9,65.7,17.1,18.1,1
41.7,29.6,21.2,21.3,1
233.3,85.6,58.8,22.3,1
97.9,19.9,24.7,22.6,1
131.0,45.4,41.4,35.6,1
119.0,53.2,34.9,14.5,0
95.1,57.2,53.6,39.4,0
108.0,49.4,45.9,12.5,0
0.7,37.7,6.7,22.3,0
118.8,60.1,22.6,12.8,0
34.0,22.6,43.3,21.8,0
69.2,35.6,11.4,25.9,0
94.6,48.5,31.2,20.2,1
153.5,53.0,20.4,25.8,0
34.0,46.9,5.8,17.5,0
50.6,19.3,59.8,7.7,1
56.3,37.9,55.9,23.8,0
84.0,49.8,45.4,20.2,1
59.1,31.0,13.7,17.1,0
108.4,40.6,59.3,17.5,1
13.1,22.4,38.6,22.4,0
65.0,46.0,58.0,15.1,0
205.4,65.4,4.5,22.3,0
59.2,22.0,12.1,27.1,0
98.2,58.3,41.3,32.4,0
137.6,59.2,54.6,28.4,1
95.9,56.1,12.2,21.0,1
247.2,90.9,20.4,21.5,1
77.6,65.6,36.1,17.6,1
112.3,61.4,60.0,17.2,1
86.6,33.0,48.4,25.2,0
178.4,70.2,55.6,18.2,1
52.6,26.5,41.2,22.2,0
260.3,79.6,52.9,14.2,1
42.6,13.7,31.4,28.2,0
218.5,71.2,9.2,18.1,1
30.5,34.2,43.2,26.5,0
114.8,47.9,36.9,15.8,0
72.6,25.0,30.2,15.5,0
135.7,35.6,17.9,28.0,0
99.9,70.3,47.5,16.2,1
130.6,56.6,49.6,10.6,1
29.6,17.5,23.1,13.8,0
15.9,29.5,55.8,25.1,0
25.3,52.6,23.4,24.6,0
24.7,33.6,8.2,15.4,0
29.2,5.0,11.7,16.2,0
45.0,63.1,30.7,24.0,0
44.7,9.0,6.6,27.9,0
73.9,36.0,43.7,19.6,1
36.2,15.4,48.1,23.3,0
38.8,20.8,33.9,25.2,0
62.1,38.9,53.8,32.9,1
148.6,32.3,57.3,13.1,0
51.9,31.9,28.0,16.0,0
70.2,51.3,7.2,17.0,0
79.2,29.7,15.4,25.0,0
32.4,11.4,40.1,18.5,0
56.0,32.3,25.5,21.9,0
41.4,26.3,41.7,20.7,0
139.1,47.6,40.7,20.0,1
131.3,38.6,37.1,20.6,0
37.9,35.7,11.2,26.2,0
69.2,44.4,18.6,14.2,0
112.3,35.3,23.9,19.1,0
92.2,31.9,49.8,12.7,1
99.5,46.5,41.6,21.4,1
32.6,16.6,39.4,18.8,0
213.3,75.5,41.0,26.4,1
44.3,48.7,31.2,20.0,0
43.3,30.1,4.3,17.3,0
22.4,11.0,13.7,18.5,0
64.2,40.8,10.1,30.3,0
159.5,57.7,5.7,10.6,0
91.5,41.1,20.5,16.2,0
68.2,42.8,47.7,20.2,0
124.8,59.5,8.7,16.2,1
156.8,59.6,8.5,22.9,0
131.1,52.1,9.2,19.7,1
11.3,47.6,17.6,21.5,1
125.5,65.8,13.7,20.7,0
102.3,55.6,2.8,19.4,0
37.2,30.9,18.0,12.3,0
102.6,33.6,59.8,21.1,1
159.7,73.4,21.5,9.4,1
46.0,33.2,14.3,16.0,0
137.6,47.5,30.8,22.9,1
93.0,40.3,15.3,27.1,0
1.8,8.9,34.5,34.1,0
72.1,50.7,25.2,17.4,0
90.3,50.8,54.0,14.8,1
57.8,36.6,55.8,23.1,1
95.5,43.4,43.4,31.2,0
66.3,28.4,14.5,29.2,0
295.2,68.2,29.5,13.8,1
54.6,16.7,19.7,19.2,0
38.2,20.6,48.3,25.1,0
132.9,42.5,3.7,25.5,0
60.3,38.6,40.4,23.6,0
69.1,47.0,20.7,17.3,0
64.6,34.6,29.9,23.5,0
127.8,68.9,20.7,25.6,1
29.0,17.9,23.2,14.4,0
137.4,52.7,41.1,28.0,0
108.3,46.5,36.5,26.0,0
233.8,91.6,16.2,15.5,1
85.2,42.6,4.5,25.5,0
31.0,29.4,51.6,24.9,0
85.9,21.6,30.6,25.1,1
93.9,32.7,37.9,29.5,0
169.1,75.4,30.3,19.9,1
31.0,5.0,37.9,22.0,0
17.3,40.4,38.4,4.2,1
87.2,47.8,2.9,26.7,0
240.5,71.2,32.9,26.1,1
119.8,40.0,31.1,28.1,0
124.7,73.9,7.6,14.4,1
21.8,42.4,45.3,25.8,0
76.8,37.8,15.7,26.1,0
171.3,64.4,5.2,16.1,0
94.7,35.9,48.6,26.3,1
16.0,25.6,52.2,22.8,1
75.7,30.8,16.0,9.8,0
113.9,47.5,41.9,23.5,0
69.5,59.1,2.3,15.4,0
34.6,27.5,43.8,9.9,0
135.7,41.3,29.0,22.2,0
52.9,16.8,48.0,19.6,0
101.3,46.9,24.8,28.4,0
74.2,29.4,22.4,21.1,1
51.2,35.8,50.8,24.7,0
258.5,65.2,4.2,23.1,1
46.6,39.9,12.9,26.1,0
79.0,27.0,25.9,14.7,0
74.0,39.1,36.6,21.2,0
85.6,37.3,2.3,19.2,0
245.9,100.0,35.4,23.9,1
114.0,50.6,24.0,21.5,0
50.8,56.1,38.5,16.3,1
196.9,75.9,54.6,18.0,1
128.2,69.2,27.6,29.9,1
51.7,30.4,34.2,9.8,1
177.0,68.4,28.8,24.3,1
21.6,40.0,8.9,27.4,0
27.9,37.8,48.0,23.5,0
14.9,30.1,53.3,31.8,0
8.3,18.1,49.1,25.6,0
168.6,60.2,57.0,22.3,1
86.4,55.3,29.1,17.2,1
16.5,40.3,39.8,22.4,0
72.5,31.0,11.8,24.1,0
140.6,46.2,58.7,20.0,1
39.8,19.1,35.7,15.5,0
57.8,44.4,17.2,12.8,0
266.5,75.5,48.7,21.1,1
62.2,45.4,36.0,11.1,0
18.0,31.0,57.1,17.2,0
48.3,25.5,46.7,5.4,0
15.2,42.6,52.9,25.0,0
120.7,32.6,33.7,26.9,1
34.9,48.7,32.0,20.5,0
33.9,32.3,45.9,31.0,0
282.6,65.8,8.1,28.1,1
25.0,45.4,5.1,22.9,0
20.7,36.8,59.1,19.3,1
29.3,22.2,55.1,17.9,0
143.7,44.3,57.4,23.4,1
109.7,28.6,5.6,19.2,0
47.7,60.9,17.6,23.3,1
44.1,19.9,54.3,23.7,1
103.7,30.8,7.2,18.6,0
88.9,45.4,28.2,26.6,0
65.5,16.7,21.8,18.6,0
112.4,36.3,53.0,20.1,1
27.5,38.8,32.0,14.1,0
35.5,34.4,18.8,18.4,0
116.7,44.5,32.4,32.9,1
94.4,43.8,8.5,14.6,0
76.5,33.8,44.4,22.6,0
276.0,88.2,37.9,17.3,1
130.5,43.5,36.8,6.7,1
49.0,25.3,27.4,23.4,0
38.4,22.3,19.1,16.7,0
97.7,35.7,5.8,21.9,0
168.2,74.6,56.9,25.9,1
12.7,32.4,26.2,21.4,0
92.6,31.9,30.8,22.0,0
57.1,19.9,23.8,14.8,0
86.4,39.7,59.3,24.2,0
19.2,50.7,48.2,18.9,0
168.1,49.7,7.6,8.0,0
199.8,68.0,37.3,25.0,0
122.1,51.6,30.1,26.8,1
227.3,75.5,48.0,28.9,1
54.7,28.2,59.8,33.0,0
90.9,56.6,45.2,24.6,0
123.4,56.3,52.2,23.1,1
98.7,54.8,31.2,26.5,1
60.7,42.2,23.7,14.7,1
66.0,47.2,39.3,10.0,0
187.7,85.9,45.5,17.1,1
73.5,54.4,15.2,27.7,0
161.7,88.3,31.2,16.0,1
70.6,52.3,8.6,22.8,0
161.0,52.2,14.5,23.4,0
79.7,50.1,53.1,21.5,0
116.2,57.6,10.4,12.3,0
42.7,53.7,49.1,22.1,0
90.8,31.1,23.6,17.5,1
43.2,37.5,40.5,30.2,1
53.6,25.2,54.8,26.8,0
57.3,40.5,47.3,17.7,0
65.1,33.7,49.9,30.6,0
148.4,62.8,17.1,22.1,1
51.9,16.1,23.0,10.0,0
83.9,50.5,44.5,19.5,0
161.3,62.8,47.1,29.8,1
114.5,50.5,47.8,15.1,0
13.0,46.7,44.9,19.6,0
18.6,20.1,15.4,11.8,0
100.0,49.1,18.8,12.8,0
49.8,33.6,56.6,15.0,0
16.0,26.4,34.1,12.6,0
46.8,58.4,45.8,16.3,0
102.8,46.5,36.8,30.4,1
56.8,27.4,55.6,19.8,0
77.9,61.9,52.4,24.7,0
61.0,31.6,17.2,26.5,0
41.4,11.1,53.3,13.3,0
89.5,33.5,19.4,15.0,0
14.2,8.6,27.6,24.6,0
36.9,7.6,51.4,16.2,1
130.1,48.2,20.8,24.2,0
19.3,24.0,18.9,30.1,0
75.0,52.9,40.8,11.3,1
53.2,40.8,60.0,17.9,0
49.1,39.3,9.6,18.8,0
138.9,44.0,42.7,16.8,0
158.2,70.2,32.6,16.4,0
29.2,44.0,25.8,17.0,0
65.5,41.1,45.5,19.9,1
10.1,27.6,34.2,21.0,0
133.5,38.2,48.3,25.7,0
72.0,50.6,45.1,19.8,0
17.9,45.8,59.1,26.7,1
38.5,33.5,49.0,16.4,0
26.8,19.6,5.9,12.8,0
36.6,27.2,47.2,18.2,0
11.4,17.8,39.7,22.8,0
186.3,62.3,7.2,25.2,0
30.3,35.4,37.1,28.8,0
74.8,42.1,45.5,21.7,0
102.1,57.6,13.4,24.5,0
158.3,64.0,27.2,28.2,1
76.8,28.8,33.5,15.3,0
60.2,29.1,26.0,18.7,0
79.3,33.1,52.8,36.6,0
29.1,25.0,11.8,25.1,0
31.4,49.4,46.8,23.1,0
59.1,58.2,47.1,25.4,0
7.0,31.8,28.0,12.0,0
42.1,32.0,33.3,16.1,0
50.5,16.3,10.9,13.9,0
250.2,85.2,13.3,22.5,1
172.4,53.6,32.8,17.8,1
101.8,65.0,15.0,20.6,1
135.8,34.7,48.8,18.1,1
31.1,32.4,37.7,10.2,1
80.9,29.7,5.3,25.3,0
124.3,51.0,22.8,9.4,0
31.4,35.8,51.8,15.6,0
18.7,36.9,18.1,12.1,0
94.1,42.8,43.7,14.7,0
21.0,34.4,7.4,21.2,0
108.6,39.2,56.0,27.4,0
156.5,62.1,28.1,10.6,0
32.3,40.1,30.5,16.7,1
34.7,32.7,35.1,9.5,0
153.3,52.0,23.1,16.4,0
77.1,35.9,44.1,20.4,1
139.5,67.1,2.8,24.6,0
60.9,22.1,11.4,7.3,0
64.6,24.8,13.0,23.3,0
75.6,46.1,38.8,14.2,0
217.1,69.0,53.7,12.7,1
132.0,35.6,5.7,20.4,0
40.9,46.4,51.4,23.8,0
85.4,28.2,49.5,19.4,0
57.5,32.0,6.4,13.4,0
49.1,24.8,10.3,19.4,0
106.5,43.0,22.3,15.6,1
91.4,32.2,8.7,23.6,0
32.7,36.7,46.0,26.5,0
75.8,40.3,31.2,26.1,0
47.8,43.8,25.8,19.9,0
101.7,38.1,44.0,26.7,0
46.0,57.1,19.0,13.9,0
64.9,13.4,52.5,30.7,0
50.2,13.5,39.9,13.8,0
13.6,44.4,22.1,7.8,0
209.9,78.2,33.3,28.2,1
75.1,42.9,17.0,15.7,1
214.8,78.9,59.1,20.7,1
77.7,46.3,27.3,13.8,0
120.4,53.7,54.0,34.2,1
43.3,19.2,58.7,30.9,1
44.3,40.9,33.1,29.3,0
71.9,45.9,44.3,20.5,1
213.5,90.5,35.2,25.9,1
33.7,49.6,7.3,19.7,0
10.1,26.5,57.2,26.7,1
150.9,43.0,28.5,17.5,1
125.6,72.7,53.9,29.5,1
52.6,20.9,40.0,17.2,0
269.6,91.5,8.1,17.9,1
277.3,86.2,26.2,17.2,1
12.5,18.0,13.4,21.2,0
42.5,39.8,11.9,17.7,1
71.6,40.8,43.5,22.9,0
99.7,51.1,3.7,17.1,0
89.1,32.5,58.0,24.7,1
74.9,36.6,28.1,29.1,0
29.2,18.1,30.4,20.5,0
108.8,44.8,19.4,33.3,0
113.2,46.9,7.0,26.8,1
143.7,78.0,36.1,32.8,1
25.4,23.2,22.0,19.6,0
63.0,10.2,38.2,10.0,0
50.5,49.4,34.2,15.8,0
25.0,31.6,14.6,16.4,0
62.2,34.0,28.8,14.3,0
30.6,22.4,19.9,6.8,0
21.1,13.9,15.9,26.1,0
126.7,74.9,46.6,8.8,0
52.4,33.7,2.7,25.6,0
40.7,9.3,17.6,33.1,1
168.2,66.0,32.8,15.3,1
115.7,63.4,29.6,22.3,1
8.8,24.1,56.5,17.6,0
100.2,34.2,50.9,25.0,0
99.8,33.1,45.6,12.8,1
60.1,24.0,31.8,19.2,0
58.3,52.8,26.9,26.7,1
15.4,23.0,4.1,19.7,0
267.6,66.7,49.7,10.2,1
62.0,40.1,27.0,27.4,0
96.3,45.8,20.6,12.2,0
64.7,30.8,37.2,20.5,0
41.3,18.1,45.7,23.5,0
133.6,40.6,32.3,20.7,0
83.5,53.9,10.7,35.2,0
62.4,38.6,55.5,24.4,1
95.5,49.6,8.5,18.8,0
69.5,40.3,58.2,23.6,0
224.6,80.1,27.7,21.3,1
130.5,47.0,56.9,20.3,0
107.0,44.3,55.0,21.5,0
17.5,38.4,25.6,17.4,0
109.7,64.4,48.4,21.3,1
107.7,32.3,7.2,17.0,0
31.1,25.3,6.8,8.6,0
17.1,34.3,22.6,26.8,0
126.8,74.3,37.4,16.6,1
138.0,75.9,2.5,20.8,1
44.5,21.6,31.9,15.4,0
42.8,46.0,58.6,15.6,1
82.4,41.3,51.8,13.8,0
52.2,45.6,15.5,25.7,0
16.7,33.6,32.6,27.1,0
30.8,12.5,11.9,20.2,0
93.7,50.0,17.3,16.8,0
32.4,40.2,55.5,9.8,0
142.8,55.5,59.9,24.8,1
106.5,43.7,16.1,15.9,1
96.5,25.3,14.3,13.3,0
81.1,48.5,24.3,20.2,1
39.7,32.4,27.9,18.0,1
117.1,38.2,7.2,10.9,0
38.7,25.8,10.6,11.7,0
148.3,58.9,26.6,22.0,0
201.6,63.7,15.7,16.1,1
83.1,40.8,51.0,23.1,1
184.0,45.0,45.6,20.9,1
31.2,44.0,33.1,26.3,0
107.4,47.0,27.1,15.0,0
73.5,25.2,50.2,21.4,0
128.3,22.6,11.6,23.8,0
9.4,34.7,53.5,16.2,0
123.0,57.5,4.8,26.8,0
43.0,33.3,55.6,10.0,0
76.3,49.4,10.1,15.0,0
264.5,96.5,49.1,9.8,1
109.9,49.8,3.0,15.6,0
99.8,41.9,49.3,19.1,0
94.1,38.5,35.9,25.0,0
159.0,64.8,3.1,19.1,1
131.4,69.6,46.9,16.4,1
94.8,42.5,7.9,10.7,1
86.5,59.3,33.3,12.7,0
82.3,45.0,21.3,21.9,0
70.4,42.2,46.0,25.3,0
25.0,55.1,51.5,17.5,0
108.3,66.9,28.9,27.3,0
46.7,51.8,46.0,14.3,0
64.0,26.4,55.2,17.7,1
137.6,80.7,42.0,18.2,1
71.7,36.9,20.7,29.2,0
67.5,34.1,28.9,20.8,0
83.3,14.9,15.3,9.2,0
57.7,38.3,28.6,25.7,0
260.8,72.2,16.3,31.1,1
237.5,84.3,48.8,18.5,1
233.5,64.4,37.4,14.6,1
94.3,65.1,38.7,25.2,1
44.3,37.7,8.4,31.8,0
140.1,82.4,2.1,25.1,0
58.1,22.2,47.8,10.3,0
148.7,75.8,33.5,24.5,1
42.5,9.0,56.0,22.4,1
99.3,47.3,33.2,14.3,0
163.2,53.2,14.5,27.7,0
60.7,29.8,42.5,22.6,0
60.5,28.9,42.7,27.9,0
19.0,13.8,5.8,13.6,0
43.7,15.8,42.2,22.4,0
93.0,37.9,14.3,14.6,0
103.4,47.2,16.8,21.5,0
114.4,62.6,3.8,28.9,0
12.1,26.6,38.4,11.4,1
58.3,48.6,44.4,11.8,0
21.4,7.6,15.4,25.7,0
89.6,37.2,48.0,19.9,0
15.5,32.4,46.2,27.0,0
28.0,31.1,25.8,15.2,0
129.8,42.1,6.0,20.3,0
48.0,43.2,18.3,24.1,0
185.1,59.9,11.6,21.3,0
116.5,39.8,57.6,9.3,1
61.0,41.1,49.4,36.9,0
144.2,56.1,6.5,21.3,0
65.1,30.0,31.8,12.0,0
124.7,44.5,17.5,21.9,1
41.8,17.6,3.9,22.6,0
150.0,52.7,20.7,26.0,0
17.1,37.5,9.4,25.6,0
27.9,29.9,14.9,18.7,0
32.6,39.7,20.9,9.7,0
45.7,37.6,25.7,22.8,0
95.4,36.5,29.2,10.1,0
74.7,18.9,32.2,27.3,0
125.7,40.3,23.5,15.6,1
164.8,53.1,30.9,23.8,1
15.1,14.8,26.2,16.1,0
178.3,76.3,57.9,17.0,1
64.0,47.6,5.9,15.2,0
230.5,100.0,36.0,24.3,0
40.3,20.9,13.2,16.3,0
10.6,41.8,23.8,24.6,0
117.4,68.5,33.7,16.4,1
112.3,45.3,46.1,18.6,1
28.6,32.8,58.7,20.2,1
31.4,42.7,30.6,20.9,0
132.3,52.4,16.9,14.5,0
98.7,43.0,47.9,24.2,0
59.0,27.2,14.9,18.4,0
106.0,18.2,31.5,23.3,0
91.8,43.8,51.1,19.9,0
34.6,20.1,25.4,23.5,0
139.2,41.9,34.3,17.5,0
121.1,55.3,8.9,15.3,1
76.0,21.6,5.2,22.6,0
132.4,62.8,59.2,17.0,1
249.5,88.2,12.4,28.8,1
31.1,23.0,21.5,20.4,0
61.2,34.5,31.3,11.8,0
63.6,21.6,23.7,16.5,0
130.4,61.6,7.6,14.0,1
45.2,33.6,13.4,26.4,0
125.4,54.5,30.6,24.6,0
49.8,38.5,27.5,19.6,0
27.8,19.2,48.3,21.7,0
79.4,21.6,20.1,19.5,0
49.0,43.7,56.5,25.2,1
85.4,49.6,18.4,23.1,0
100.9,38.8,21.2,24.2,0
16.4,29.0,57.1,18.8,0
53.7,48.5,50.7,16.2,1
79.4,53.5,20.4,24.0,0
132.8,46.4,24.9,29.3,1
121.7,32.6,50.9,26.6,0
37.2,13.5,7.0,29.5,0
66.1,32.8,19.1,21.0,0
104.7,63.7,32.8,14.2,1
62.5,26.9,50.1,14.7,0
40.5,23.0,34.7,28.3,0
72.5,30.7,30.4,8.8,1
97.7,38.0,57.8,29.0,1
34.1,28.4,8.8,15.3,0
112.8,32.8,47.2,31.5,0
83.0,53.8,9.4,19.6,0
115.7,47.2,44.5,24.3,0
71.3,67.6,33.5,34.3,1
225.2,62.2,17.3,18.0,1
96.4,63.2,33.5,17.9,0
125.0,67.9,53.0,15.8,1
112.5,43.2,29.4,14.0,1
65.4,31.6,2.4,18.0,0
90.2,31.5,5.3,16.7,0
46.1,20.6,38.7,12.5,0
214.5,73.6,41.3,18.7,1
104.1,46.3,25.3,22.7,1
38.5,10.4,16.1,14.6,0
183.0,93.3,43.5,19.0,1
68.0,33.9,19.6,28.4,0
137.3,55.1,6.3,11.5,0
15.9,16.5,25.8,31.6,0
161.2,57.1,33.3,16.0,1
101.1,41.0,58.0,21.2,0
35.8,28.9,36.3,27.7,0
99.8,44.8,14.1,29.5,0
200.5,79.8,50.3,22.8,1
47.3,34.5,18.9,15.8,0
46.8,40.1,57.6,15.3,0
64.6,36.0,20.9,16.6,0
78.9,42.5,54.8,31.3,1
143.5,53.0,53.0,17.7,1
105.1,58.3,52.1,21.9,1
64.6,40.0,4.3,13.7,0
93.1,41.4,51.3,13.1,1
222.2,73.3,43.8,20.2,1
118.1,48.2,21.4,18.1,1
70.0,37.9,30.4,18.5,0
63.1,35.1,39.1,11.1,0
89.1,35.6,56.7,19.6,1
142.3,64.7,47.2,29.3,1
41.9,40.4,26.9,14.9,0
129.3,73.7,39.4,25.4,1
68.9,30.0,12.8,-0.8,0
76.8,47.2,26.6,15.2,0
339.7,82.0,47.9,8.5,1
120.5,60.1,37.2,27.4,1
50.2,15.1,47.4,25.3,0
100.9,33.4,31.6,13.8,0
147.1,60.8,24.0,21.7,0
121.4,42.9,45.1,27.2,1
8.5,13.0,7.4,28.1,0
74.5,32.8,58.8,17.6,1
104.0,54.8,57.0,6.7,1
98.2,33.4,53.1,14.6,1
53.5,32.7,53.3,24.6,1
122.8,46.2,31.6,32.6,0
161.6,70.2,30.9,19.7,1
16.9,34.4,49.6,16.4,0
15.3,5.0,18.4,34.4,0
100.3,57.6,51.3,22.4,1
129.8,45.1,13.7,12.6,0
47.4,34.7,53.0,19.3,0
9.2,11.0,33.4,26.0,0
75.4,43.3,50.9,19.6,0
99.2,75.4,30.6,24.8,1
60.7,36.7,37.3,10.4,0
149.6,51.9,55.8,11.4,1
95.0,41.0,26.3,15.6,0
43.4,13.2,14.8,18.3,0
47.1,49.2,7.3,22.0,0
76.7,42.9,36.2,23.8,1
57.5,21.8,37.4,34.8,0
14.3,11.4,38.0,15.6,0
89.3,42.5,4.2,18.1,0
48.2,43.2,3.6,15.7,0
55.0,19.9,53.9,26.5,0
30.8,41.1,42.3,26.8,1
203.9,69.9,8.6,17.3,1
115.6,37.7,6.3,32.4,0
237.1,73.7,11.4,15.7,0
60.4,56.1,48.8,26.2,0
120.2,33.4,43.9,28.7,1
90.4,33.8,39.0,11.8,1
44.8,42.6,39.2,23.5,0
60.0,37.6,51.8,3.6,0
115.4,39.4,21.3,24.9,1
30.8,39.3,20.7,13.4,0
150.6,69.8,26.7,23.4,1
85.1,45.3,59.4,24.5,0
137.5,47.0,34.2,26.7,1
99.5,39.4,33.7,25.3,1
17.1,27.7,49.0,20.3,0
74.5,22.9,12.3,17.7,0
152.8,74.1,25.5,19.6,1
84.2,61.5,39.2,13.3,0
76.0,36.2,59.3,18.7,0
84.1,45.3,11.0,18.3,0
13.1,37.5,28.2,15.3,0
163.4,84.3,54.5,9.6,1
6.5,40.3,44.1,12.3,0
186.1,45.7,37.6,1.1,0
57.1,30.5,16.9,18.2,0
104.5,52.1,12.9,22.2,0
11.8,17.0,23.7,3.9,0
128.9,73.6,16.8,21.4,0
114.3,68.1,48.9,19.3,1
109.5,37.6,43.8,12.9,1
11.2,20.8,50.4,17.4,1
39.9,21.0,11.9,26.3,0
99.9,42.6,20.0,14.2,0
160.4,57.4,46.6,20.5,1
34.9,40.2,11.5,22.1,0
35.7,18.3,10.4,15.1,0
95.3,12.4,24.2,26.0,0
320.4,80.8,12.8,22.4,1
45.4,19.0,6.6,18.5,0
56.6,26.3,20.1,34.2,0
50.1,34.8,52.8,26.1,0
69.1,24.3,5.3,9.9,0
168.9,47.7,34.8,17.7,1
71.9,26.8,34.7,34.8,0
340.2,91.7,32.8,14.1,1
82.0,33.8,31.3,20.4,0
179.8,57.8,3.0,27.4,1
60.0,43.3,4.8,23.9,0
25.1,14.4,31.7,24.8,0
71.8,33.7,58.2,24.4,1
110.6,41.1,25.7,20.2,0
40.2,39.7,29.4,15.2,1
161.3,58.5,59.0,22.6,1
52.1,45.6,47.2,17.6,1
30.8,13.9,46.7,17.1,0
299.7,94.3,31.3,28.9,1
38.4,22.7,54.1,17.7,1
50.9,18.0,35.7,30.2,0
123.5,50.1,40.1,21.5,1
58.3,55.4,47.7,19.0,1
31.9,17.7,25.6,9.1,0
46.8,30.2,57.3,32.7,0
247.4,66.1,59.3,20.0,1
113.4,30.8,36.1,6.4,1
129.3,42.9,14.9,25.9,1
92.0,37.6,46.9,19.7,0
103.5,41.0,20.7,14.4,1
54.9,31.0,35.5,25.6,1
83.8,21.2,7.0,4.7,0
10.1,15.0,48.8,15.7,0
146.2,62.6,57.6,18.2,1
54.5,17.3,7.5,25.1,0
27.2,22.6,44.4,33.4,0
87.4,45.4,51.9,18.5,1
65.3,26.9,8.4,22.8,0
142.7,59.8,16.3,36.5,0
73.0,20.0,24.7,20.0,0
46.0,42.2,50.5,22.8,1
74.3,43.0,30.6,12.6,0
193.5,69.0,9.9,31.8,1
145.9,70.0,16.9,15.7,0
113.2,44.3,29.1,21.6,0
150.2,50.1,4.3,21.4,0
119.3,66.3,38.6,20.5,1
36.0,51.1,3.5,17.4,0
130.0,44.2,47.3,21.4,0
162.3,59.2,44.6,30.5,0
168.5,74.7,52.2,33.7,1
29.4,26.4,11.1,18.9,0
51.0,39.9,36.9,17.3,0
45.0,40.6,47.3,15.1,1
59.5,28.1,31.9,36.1,0
105.1,51.3,9.6,20.8,0
85.8,41.4,7.7,26.7,0
85.8,26.8,37.1,24.2,0
22.5,13.8,30.9,33.3,0
49.4,24.5,55.9,18.5,1
176.8,75.3,50.4,13.4,1
161.9,72.0,44.0,31.2,1
72.1,47.0,59.0,25.4,0
130.3,57.8,42.3,22.7,1
98.5,49.6,7.4,29.2,1
140.1,58.4,6.5,23.1,0
134.2,58.4,49.3,29.4,0
76.5,44.8,22.9,21.5,1
113.7,31.6,55.6,25.4,0
103.1,36.3,8.9,23.2,1
78.0,27.2,13.5,18.0,0
66.0,49.8,46.8,18.8,0
225.6,96.3,51.2,17.6,1
78.1,13.5,52.3,21.6,0
124.8,70.0,7.8,17.3,0
214.5,74.7,24.1,22.6,1
113.6,60.5,39.5,22.4,1
110.0,53.6,55.3,21.2,0
78.4,56.9,15.9,21.3,1
104.4,48.6,36.8,16.6,1
61.8,19.1,10.3,18.3,0
368.4,100.0,45.3,10.0,1
23.0,31.9,9.4,19.3,0
69.2,34.7,60.0,14.1,1
114.9,56.6,7.4,20.6,1
110.1,46.7,41.7,15.7,0
61.7,28.3,47.1,7.7,1
15.5,10.8,17.0,33.5,0
26.9,22.0,16.8,18.6,0
90.2,45.0,36.6,28.7,0
10.9,5.0,38.6,16.8,0
120.5,40.8,43.8,30.2,1
171.0,38.8,35.7,13.1,0
135.4,46.5,12.1,21.1,0
153.9,72.8,55.6,13.4,1
11.4,8.6,11.7,35.6,0
63.6,44.3,34.8,18.5,0
33.5,62.6,55.4,25.0,1
18.4,42.0,55.0,22.7,1
53.6,35.0,11.7,19.8,1
211.1,83.1,15.8,23.1,1
249.4,65.9,36.9,28.2,1
37.5,10.5,21.6,24.0,1
82.3,40.9,44.4,21.0,0
103.4,50.6,32.3,23.1,1
64.0,49.1,17.4,31.5,0
179.2,58.0,25.8,17.5,1
54.3,35.9,42.1,8.9,0
47.2,33.7,47.5,13.4,1
39.3,28.3,23.4,13.9,0
63.6,35.0,8.1,14.7,0
3.5,10.6,22.5,14.9,0
66.0,39.9,38.6,19.9,0
86.0,43.8,46.1,21.5,0
90.0,37.2,53.0,21.4,0
31.7,35.9,57.8,15.6,0
88.8,54.5,32.7,26.0,1
87.4,50.0,53.1,23.2,1
88.9,29.7,17.2,29.5,1
137.2,55.5,34.5,25.1,0
30.5,16.7,33.3,17.9,0
64.6,37.3,46.6,27.8,0
14.4,12.7,46.8,21.6,0
128.7,67.5,18.5,24.8,0
35.0,38.2,53.4,24.3,1
151.8,71.8,53.7,19.3,1
155.4,71.5,57.0,20.6,1
69.6,34.1,28.5,19.2,0
66.8,31.6,59.3,14.9,0
21.1,46.2,47.5,7.1,1
80.3,38.1,39.9,15.8,0
136.4,37.8,27.1,21.2,0
97.0,56.3,50.9,26.5,1
193.6,70.1,46.3,24.8,1
58.8,52.8,36.0,18.3,0
58.7,37.6,59.8,15.9,1
37.2,29.1,16.5,18.9,0
279.7,100.0,39.2,14.1,1
20.9,6.8,20.6,7.3,0
129.8,45.4,28.6,10.7,0
138.3,43.9,21.7,28.2,0
134.3,27.2,21.4,31.1,1
40.0,40.5,23.9,24.5,0
69.5,30.7,5.3,19.7,1
117.2,60.2,4.3,11.6,0
47.9,36.7,44.0,19.0,1
62.2,42.8,20.0,23.7,1
48.6,26.7,3.2,25.0,0
84.4,31.9,6.7,24.1,0
80.4,41.2,13.4,27.3,1
216.6,85.2,4.8,31.7,1
119.0,49.1,56.9,17.6,0
26.0,18.1,35.0,36.8,0
28.0,12.6,24.9,7.9,1
131.4,55.3,32.9,15.3,1
79.7,33.3,8.5,21.2,0
269.0,86.4,42.7,23.3,1
268.5,84.3,58.2,18.9,1
37.0,23.9,9.6,17.0,0
98.1,48.0,10.9,33.2,0
28.3,33.7,38.5,16.7,0
129.8,76.0,10.8,13.9,1
237.2,88.4,9.3,30.1,1
88.4,61.2,40.9,25.1,1
57.2,24.5,37.9,26.6,1
105.3,27.1,14.6,21.2,0
148.6,57.0,49.7,11.7,1
149.2,67.6,8.1,20.5,1
57.7,42.8,21.3,10.9,0
46.9,46.3,44.9,21.5,0
94.3,13.1,37.6,23.9,1
60.8,50.2,36.8,26.5,1
179.2,68.8,41.8,19.4,1
60.2,16.5,39.5,24.5,0
83.8,49.6,52.7,14.6,1
103.5,47.9,35.0,25.8,0
21.6,30.0,25.3,24.0,0
50.3,44.6,46.4,15.2,1
261.3,90.5,17.0,23.2,0
144.3,38.4,46.1,26.5,1
59.6,33.2,18.2,20.5,0
130.2,33.1,29.9,15.1,1
177.3,72.1,44.9,21.1,1
67.1,53.5,38.4,23.3,0
139.7,40.0,7.0,15.0,0
126.4,43.5,27.9,14.0,1
28.8,16.6,49.1,23.1,0
67.3,31.4,59.8,24.9,0
220.4,80.1,29.1,32.9,1
256.5,78.8,7.0,24.0,1
145.1,64.1,23.2,12.7,1
48.9,45.0,30.4,32.2,0
7.7,35.1,6.3,26.3,0
43.6,17.5,52.1,8.0,1
25.2,42.9,33.2,13.8,0
231.2,95.4,26.1,17.1,1
14.0,42.1,25.0,25.0,0
29.5,25.5,3.6,5.7,0
92.9,34.2,32.1,19.3,1
79.3,28.0,29.6,24.7,0
213.3,60.1,22.1,3.0,1
121.0,50.4,40.2,24.5,1
71.2,48.0,25.8,25.2,0
181.4,81.0,35.2,14.9,1
58.2,28.7,53.3,13.1,0
224.8,75.7,23.1,14.8,1
38.7,28.4,25.1,4.0,0
77.1,31.7,52.2,18.0,0
9.3,31.2,22.8,21.3,0
150.3,61.9,27.5,12.7,1
89.1,44.0,48.4,25.8,0
225.2,80.6,36.3,20.6,0
65.5,43.8,56.2,21.6,0
21.3,32.6,29.3,17.6,0
110.4,37.5,29.8,24.5,0
51.5,43.6,4.5,27.7,1
135.9,57.0,13.4,17.6,0
39.4,24.6,33.3,24.6,0
199.2,72.6,12.9,24.6,1
83.8,45.1,28.3,22.5,0
71.4,50.8,18.4,30.1,0
190.4,55.1,3.2,15.6,0
151.8,73.8,29.6,17.5,1
44.2,31.3,39.5,15.3,1
148.8,51.1,21.6,24.4,0
128.5,45.7,47.0,18.4,0
74.5,26.6,10.5,15.8,0
140.7,34.3,7.3,30.0,0
198.6,77.8,56.2,30.9,1
76.2,62.8,55.5,18.0,1
76.4,19.7,25.6,11.8,0
73.3,26.9,26.4,31.2,0
42.7,39.7,51.4,22.8,0
75.6,38.4,32.8,22.5,0
69.3,47.3,8.8,20.6,1
66.3,35.3,8.7,15.2,0
65.5,29.4,9.6,17.5,0
29.5,24.7,47.3,24.1,0
162.2,32.0,36.9,17.3,1
50.2,18.8,19.4,22.6,0
206.0,82.9,11.4,20.1,1
35.6,43.2,9.2,13.7,0
237.4,96.2,45.0,29.7,1
60.5,40.4,53.4,23.6,0
150.1,30.4,32.8,22.0,0
88.5,34.5,46.8,23.3,0
25.8,42.3,18.4,9.2,0
27.1,46.3,36.0,17.0,1
46.8,48.1,27.4,10.8,0
57.8,31.6,7.1,20.7,0
78.0,23.8,30.3,22.0,0
102.8,45.2,51.1,20.8,0
70.5,37.8,5.0,27.1,0
98.9,63.5,29.7,11.0,0
110.7,50.4,52.6,15.2,1
68.1,37.2,47.8,22.5,0
127.0,52.6,30.6,21.6,1
147.1,61.6,11.9,12.1,1
112.7,55.7,51.2,27.2,1
117.3,40.6,10.9,29.3,0
92.6,30.5,18.1,22.6,1
171.8,79.4,9.2,10.9,0
79.4,20.2,28.6,21.0,1
47.5,51.5,38.5,22.0,1
81.2,17.4,50.0,18.4,1
26.2,19.5,28.8,28.1,0
23.3,37.5,58.3,19.3,0
147.6,56.9,36.6,32.6,1
208.2,56.3,37.1,24.7,1
62.0,40.6,12.2,21.7,0
148.5,57.9,13.0,25.5,1
12.1,20.4,35.4,29.2,0
113.0,40.8,43.8,25.4,0
79.6,39.5,13.9,19.5,0
230.9,70.7,30.1,16.0,1
71.5,67.1,22.7,13.3,1
33.2,25.4,27.4,5.4,0
20.2,20.6,14.9,21.0,0
81.1,33.8,10.2,17.7,0
92.5,64.4,20.6,18.0,0
68.2,17.4,52.4,26.2,1
150.8,62.0,48.7,19.3,1
193.5,65.5,7.9,31.4,1
61.5,18.3,7.1,16.6,0
14.8,13.9,30.6,14.2,0
99.3,48.6,18.1,12.5,1
174.1,53.2,49.8,24.3,1
61.7,38.5,30.2,26.9,0
117.3,70.1,51.5,16.4,1
31.1,29.8,8.3,13.6,0
97.5,26.9,58.3,29.2,1
118.8,39.5,46.5,11.3,0
99.5,41.5,44.4,26.1,1
271.0,83.5,56.5,16.6,1
206.6,73.5,29.3,22.4,1
132.3,56.8,10.6,26.5,1
163.3,81.6,30.8,22.9,1
97.1,44.2,49.3,18.2,1
77.0,25.4,51.9,28.4,1
56.6,48.0,30.3,21.7,0
30.5,42.8,44.5,42.1,0
212.9,76.0,16.3,9.8,1
277.9,86.5,15.4,9.7,1
82.6,48.1,36.0,26.0,0
83.6,38.4,26.5,19.8,0
122.2,25.9,11.3,24.8,0
71.7,44.7,46.2,13.4,1
34.1,39.2,32.9,20.3,0
25.5,43.7,32.2,22.7,0
271.6,79.1,13.0,16.7,1
17.1,27.0,16.0,21.4,0
102.2,48.5,42.2,11.8,1
19.5,25.9,51.4,22.4,0
74.4,40.0,12.3,28.7,0
61.2,35.8,49.1,12.6,0
22.8,28.3,47.7,12.2,0
125.2,60.2,49.3,27.1,0
32.0,42.6,35.7,12.1,0
20.0,15.9,22.4,25.0,0
134.9,51.7,46.7,20.3,0
61.4,30.3,29.8,17.5,1
43.3,24.0,14.9,28.8,0
140.6,35.8,25.3,25.6,1
30.5,27.9,28.5,21.7,1
15.2,29.6,31.3,7.1,0
185.0,64.4,54.1,24.3,1
247.2,81.7,25.8,13.6,1
72.9,43.3,18.5,18.7,0
72.2,55.0,57.8,20.0,0
146.2,51.5,16.0,31.4,1
172.8,49.1,2.6,18.5,0
33.8,27.4,51.3,11.5,0
63.8,58.6,57.4,28.8,1
96.6,30.2,41.6,24.4,0
140.4,62.9,25.6,24.6,1
130.4,66.5,33.5,28.9,1
116.2,20.7,50.3,30.3,0
172.5,68.0,53.3,14.6,0
76.9,46.5,7.9,11.7,0
214.2,70.3,52.3,25.1,1
51.6,25.1,37.8,18.4,1
131.8,45.9,3.9,19.0,0
57.8,30.5,8.3,13.3,0
73.7,34.8,4.6,23.5,0
82.7,34.8,57.0,22.4,1
55.2,29.7,26.7,19.1,0
177.6,78.7,43.5,11.7,1
60.1,20.4,2.1,27.3,0
79.6,18.9,48.0,21.5,0
121.3,64.8,30.0,26.7,1
349.1,100.0,55.6,7.4,1
124.4,46.4,32.2,20.3,0
84.9,39.9,47.8,15.7,0
12.5,25.6,38.5,20.2,0
72.3,31.8,32.2,25.7,1
47.6,38.0,57.0,22.2,0
63.2,24.2,30.7,20.1,0
56.9,30.6,53.8,20.1,0
120.4,23.5,4.1,10.6,0
71.1,51.8,40.1,14.6,1
38.6,27.5,54.9,26.7,0
150.4,65.6,54.2,17.0,1
27.7,32.6,30.1,26.8,1
82.1,47.1,29.4,25.0,0
72.7,38.1,49.0,25.3,0
104.4,50.8,21.4,22.0,1
173.7,51.9,56.4,17.4,1
383.6,100.0,16.5,19.1,1
84.9,40.0,6.3,23.8,0
47.0,23.6,46.8,7.2,0
43.3,47.9,25.5,27.5,0
43.1,35.3,22.6,17.0,0
101.7,36.8,20.6,19.5,0
9.5,19.1,58.9,19.5,1
26.1,28.1,35.2,19.8,0
101.7,44.6,59.5,12.1,1
155.5,62.1,21.9,20.9,0
156.1,59.8,26.0,23.6,0
87.9,25.3,14.3,7.7,0
142.1,29.7,27.0,12.2,0
175.7,59.4,5.6,25.4,0
59.4,41.6,2.0,24.3,0
163.9,56.6,28.3,21.8,1
18.4,39.4,45.3,15.9,1
25.5,25.8,27.3,24.3,0
62.2,51.8,32.0,12.8,0
16.0,37.8,27.8,19.2,0
121.8,63.1,32.6,12.2,1
52.5,18.7,47.0,19.0,0
73.2,38.5,48.6,13.8,0
75.3,53.5,50.6,24.5,0
61.0,38.5,14.3,22.6,0
42.9,37.4,28.6,16.6,0
117.7,32.8,50.2,26.5,1
51.6,55.9,56.6,14.3,1
74.6,29.1,33.5,19.8,1
105.1,22.4,30.6,16.3,0
174.8,59.5,46.3,24.5,1
165.6,32.0,59.5,23.9,0
55.4,20.8,26.7,27.8,0
41.0,61.0,11.6,20.5,0
198.9,65.2,50.4,2.2,1
51.4,15.7,43.2,17.4,0
114.4,48.9,10.4,29.4,0
15.1,13.0,20.8,18.1,0
9.2,32.7,34.1,8.5,0
84.8,30.5,44.4,22.7,0
67.1,40.0,47.3,23.1,0
135.5,40.1,11.0,15.6,1
43.3,62.0,14.6,18.5,0
99.5,50.9,45.2,14.9,1
130.6,50.9,8.7,23.1,0
44.8,27.7,30.9,20.3,0
62.1,28.9,33.7,13.0,0
30.4,18.5,21.7,19.9,0
138.9,45.3,48.2,15.6,0
118.8,69.8,5.2,28.8,0
125.1,44.6,47.1,25.4,1
66.9,11.2,39.5,19.3,0
117.4,35.4,31.4,20.5,0
71.5,49.0,52.6,26.1,0
221.5,72.3,13.7,19.0,1
79.8,38.4,48.4,24.6,0
159.2,73.8,12.9,28.9,0
67.1,27.5,59.4,17.1,0
191.3,75.4,3.9,29.9,0
40.9,22.2,34.1,28.1,0
108.7,54.1,11.7,21.5,1
48.0,27.3,25.7,17.3,0
96.5,41.2,10.6,21.4,0
51.6,42.7,13.2,18.5,1
79.6,48.9,5.5,15.2,0
57.8,32.5,2.5,23.2,0
127.4,46.2,43.7,13.9,0
111.9,67.2,28.3,18.0,1
46.6,38.7,4.6,18.0,0
45.5,26.7,56.5,11.8,0
38.0,21.7,40.6,24.0,0
31.7,40.2,17.3,18.6,0
133.4,54.7,27.4,27.8,1
36.1,27.1,30.4,18.5,0
102.4,47.0,35.1,17.6,0
53.9,37.5,51.7,14.6,0
156.1,58.3,36.2,20.2,1
257.1,98.7,58.8,20.3,1
2.0,35.6,44.2,24.5,0
40.5,36.5,59.3,20.4,0
53.2,49.8,33.9,32.6,0
68.6,37.3,41.4,22.7,0
65.4,44.6,44.8,14.1,0
25.1,38.3,45.8,13.6,0
260.5,97.4,3.4,23.2,1
67.3,47.8,9.4,13.9,0
111.6,55.5,15.2,23.6,0
114.0,72.0,17.7,25.4,0
19.9,18.5,54.5,25.5,1
60.5,33.3,43.9,14.8,1
133.4,50.8,10.3,25.5,0
199.5,65.5,26.7,21.9,1
61.5,11.5,16.1,16.4,0
23.8,42.4,50.1,19.0,0
49.6,20.1,55.2,22.8,1
59.4,36.9,11.5,16.0,0
57.7,17.4,26.2,21.8,0
38.0,36.9,57.3,28.7,1
21.4,15.9,40.1,25.8,0
30.1,13.9,52.3,20.5,0
50.0,34.8,22.7,21.4,0
131.9,44.6,14.2,16.8,1
167.6,55.0,42.1,16.9,0
86.2,43.6,10.0,10.8,0
30.9,37.3,50.7,21.5,0
52.3,23.3,45.8,24.1,0
9.7,10.5,19.7,19.6,0
202.0,70.8,30.9,14.7,1
45.9,37.9,48.4,20.4,0
105.0,63.8,56.2,28.1,0
159.7,47.1,22.4,25.4,1
239.6,76.1,47.8,19.8,1
142.0,69.6,13.3,32.3,0
57.4,58.0,54.4,36.2,0
115.2,36.9,41.8,17.1,0
233.9,69.6,10.9,18.5,1
45.5,36.0,44.9,24.2,0
20.3,18.1,44.0,14.5,1
38.3,20.5,45.1,25.1,0
109.8,50.4,22.0,20.6,0
58.5,53.2,44.9,22.2,0
74.1,22.8,49.9,16.5,0
123.1,68.8,22.1,15.3,0
37.5,22.5,14.1,8.1,0
71.3,42.0,53.5,28.9,1
51.6,52.0,38.0,25.6,0
227.7,80.8,28.7,24.0,1
139.0,51.2,53.0,22.1,0
58.9,43.3,9.9,6.2,0
56.3,32.0,49.0,15.5,1
244.8,87.5,30.5,18.5,1
231.8,75.5,4.5,13.5,1
109.3,57.7,58.4,9.8,1
76.7,22.5,47.1,14.1,1
25.6,14.2,14.5,20.3,0
38.6,12.7,55.6,20.3,1
23.7,25.3,56.3,25.4,0
164.1,42.7,48.4,32.4,1
25.9,18.2,9.4,24.1,0
55.7,20.6,12.8,18.9,0
12.1,40.8,45.7,30.8,0
18.3,12.7,55.0,10.5,0
127.1,36.3,14.5,7.5,1
97.6,47.4,28.7,14.7,0
78.9,60.0,11.0,24.9,1
56.5,32.7,29.7,21.0,0
15.9,23.5,39.3,13.2,0
50.6,48.1,3.1,15.6,0
68.1,47.6,39.3,12.6,1
121.1,55.4,39.1,12.6,0
158.0,52.5,28.4,29.3,0
129.9,57.9,53.9,19.1,1
97.2,28.0,9.8,30.6,0
77.9,32.0,5.0,14.7,0
90.3,59.8,30.8,22.9,0
47.8,47.6,32.9,21.4,0
83.1,46.0,17.5,25.3,0
67.8,13.8,57.8,21.5,0
310.5,83.1,16.7,25.9,1
92.0,34.8,17.7,23.3,0
8.8,20.1,49.0,13.5,0
54.1,18.5,55.5,24.4,0
62.1,32.6,33.1,19.4,1
142.2,76.8,3.1,15.3,1
100.7,50.0,22.6,24.2,0
97.1,46.9,15.0,25.5,0
187.5,54.7,31.6,17.1,1
232.5,58.5,41.6,17.9,1
127.0,37.0,24.8,11.7,0
57.5,14.2,33.2,9.2,0
58.9,35.6,46.1,18.5,1
171.6,67.5,16.3,24.8,1
58.8,23.1,13.4,16.6,0
74.0,40.3,48.7,28.6,1
53.2,50.9,4.1,18.8,0
30.4,51.1,10.7,18.8,0
294.8,100.0,2.7,18.3,1
74.4,36.5,34.2,25.9,0
205.5,80.2,36.8,14.2,1
59.4,51.1,32.8,19.2,0
45.9,7.4,26.0,16.7,0
119.5,67.7,32.7,16.6,0
157.5,52.8,13.2,20.2,0
164.5,54.7,49.9,19.3,1
67.4,32.6,58.9,26.3,0
128.4,55.9,33.4,19.9,1
50.1,19.2,23.7,23.3,0
82.3,37.1,47.9,21.0,0
62.4,41.9,13.2,28.4,1
55.1,36.4,20.6,18.2,0
84.8,45.8,56.5,18.2,1
29.6,23.5,12.8,24.5,0
148.8,65.5,8.5,18.1,1
55.3,46.5,33.7,23.0,0
144.1,68.0,36.1,34.0,1
35.7,34.0,36.6,14.1,1
55.1,45.0,11.5,29.2,0
29.6,37.8,43.8,17.0,0
28.5,59.3,16.1,28.0,0
40.0,44.6,57.0,24.1,0
36.2,28.0,15.2,23.6,0
29.8,16.5,3.0,19.1,0
78.1,36.4,34.9,18.5,1
117.9,45.5,13.8,15.7,0
122.3,56.7,38.5,20.0,0
14.6,15.2,15.3,18.9,0
62.1,49.8,26.8,21.1,0
57.3,17.6,12.4,11.5,0
189.7,47.8,26.9,20.1,0
64.0,34.4,9.9,27.6,0
73.3,28.2,21.6,25.7,0
20.8,10.1,13.5,20.1,0
39.1,22.1,49.3,35.4,0
19.5,15.7,44.3,16.5,0
81.9,40.6,11.7,19.5,0
193.7,61.0,6.8,11.3,0
40.2,23.6,3.5,17.6,0
64.4,36.0,15.1,30.7,0
36.4,41.3,29.9,17.8,1
46.9,49.4,25.2,10.8,0
83.2,42.6,58.3,25.2,1
255.6,86.6,48.0,22.3,1
187.4,64.7,6.5,25.0,0
224.6,81.9,11.2,18.2,1
144.9,60.9,3.5,14.0,1
63.7,51.8,10.0,18.9,0
57.0,11.6,32.7,23.3,0
40.5,27.3,6.5,19.6,0
62.9,39.8,5.5,22.3,0
195.6,68.6,8.9,16.8,0
194.1,57.3,40.8,22.6,1
318.3,84.0,3.1,20.0,1
87.8,51.6,58.2,15.8,1
25.5,17.3,24.1,20.8,0
112.5,27.1,21.5,17.7,1
257.4,94.6,29.5,23.7,1
212.8,78.7,32.0,25.2,1
51.9,31.6,26.4,23.0,1
27.9,16.0,30.2,10.2,0
27.2,25.4,21.7,14.2,0
42.7,45.3,20.7,16.2,0
48.3,12.7,3.6,15.2,0
60.0,16.2,41.0,16.7,0
123.2,43.3,37.8,25.6,0
58.4,34.3,40.8,24.2,0
79.5,33.9,56.6,17.5,0
18.1,32.2,29.4,23.6,0
40.5,43.2,53.1,22.0,0
38.9,33.1,27.7,19.8,0
15.1,30.5,29.7,26.9,0
57.2,37.6,38.7,16.0,0
18.3,24.7,14.5,20.3,0
54.0,18.0,14.6,13.7,0
84.2,28.7,31.6,14.0,1
197.8,53.2,6.0,11.8,1
37.2,27.5,15.7,14.1,0
82.4,43.4,48.0,20.5,0
45.2,13.9,28.9,18.2,0
17.2,25.2,3.5,18.4,0
199.3,59.3,5.5,18.2,0
87.0,28.9,55.3,30.6,1
108.4,39.6,57.5,13.2,1
221.1,61.8,39.2,12.5,1
53.8,40.7,12.7,14.9,0
24.3,24.1,23.3,19.6,0
36.7,39.0,19.7,23.1,0
22.2,20.2,47.5,23.7,0
163.6,56.0,33.2,25.7,0
264.0,100.0,47.2,19.4,1
83.5,21.4,22.9,17.6,0
125.6,66.8,52.4,29.8,1
149.1,77.1,26.9,3.3,0
230.9,86.9,26.2,20.4,1
256.8,80.2,30.4,22.6,1
11.4,40.0,36.3,31.2,0
46.3,27.7,53.9,10.0,1
76.6,30.7,28.5,17.5,0
41.7,25.8,55.9,11.9,1
61.2,28.5,24.8,9.2,1
103.5,34.5,20.8,18.8,1
101.5,58.7,19.1,25.0,0
145.8,47.2,3.2,27.2,0
77.9,39.1,51.3,16.8,0
5.2,5.0,6.6,24.0,0
57.2,34.7,21.4,18.8,0
96.3,30.2,16.5,23.3,0
153.0,44.1,45.2,26.9,0
138.2,53.3,56.1,18.8,1
70.0,50.2,49.4,26.5,1
43.8,36.2,20.6,12.7,0
72.6,44.3,28.4,23.9,0
13.5,21.8,16.3,26.2,0
47.5,27.8,55.6,25.6,1
172.5,72.6,8.9,12.9,0
72.4,31.3,57.2,18.8,0
99.3,54.8,49.2,21.8,1
21.2,40.1,43.3,22.7,0
152.3,48.0,46.9,20.7,0
67.3,28.5,21.7,28.6,0
96.9,37.7,19.2,12.2,0
112.6,30.5,24.1,18.6,0
148.5,51.5,12.5,9.9,0
86.3,57.2,45.3,23.7,1
68.5,24.6,29.6,23.3,0
26.2,42.5,53.4,40.1,0
19.3,19.6,52.9,26.2,0
85.1,66.6,11.0,22.0,1
97.3,36.2,14.7,21.5,0
109.2,45.6,25.8,18.1,0
37.4,18.4,8.9,20.8,0
47.9,23.7,42.0,21.7,0
83.9,57.0,44.8,8.2,1
53.0,38.9,43.8,21.2,0
335.4,100.0,29.3,20.6,1
47.0,16.0,50.9,30.5,1
102.2,53.4,37.1,19.2,0
135.4,42.2,59.6,15.4,0
141.2,39.2,49.3,21.6,1
52.2,35.9,43.9,20.4,0
113.0,51.0,9.2,19.2,0
103.2,46.4,50.3,12.3,1
116.4,57.7,19.7,19.1,0
83.1,51.3,26.3,16.5,0
136.1,71.6,28.8,18.7,1
90.6,28.4,21.2,24.4,0
23.3,43.8,8.3,16.0,0
88.6,64.7,13.6,18.7,0
96.4,39.7,48.6,23.2,0
129.5,32.4,39.8,18.4,0
85.1,24.7,56.7,35.7,1
234.5,73.1,49.6,21.5,1
70.4,61.8,25.3,12.5,0
50.1,32.7,47.6,15.0,0
187.8,59.5,35.4,14.4,1
68.9,29.0,18.6,15.0,1
79.4,24.0,58.6,23.2,1
96.4,54.6,55.9,13.4,0
90.6,41.6,8.5,18.0,0
115.8,74.1,50.7,26.9,0
124.3,58.6,6.5,16.9,0
46.4,41.6,55.9,24.0,0
28.4,24.2,38.2,9.9,0
31.6,14.8,11.7,17.8,0
174.1,53.0,49.4,14.7,1
64.6,19.7,31.9,21.8,0
134.5,64.6,5.5,13.8,0
126.6,47.0,48.3,32.4,0
79.4,51.3,47.7,10.2,0
36.9,30.9,30.0,26.8,0
128.8,48.7,44.4,25.3,1
77.3,25.3,4.3,21.9,0
26.7,30.3,20.5,20.3,0
53.4,30.7,41.0,31.1,0
17.7,35.3,15.4,34.8,0
55.4,25.3,28.1,18.8,0
82.5,48.0,56.1,20.9,0
71.3,57.5,50.0,16.7,0
64.9,39.5,34.4,13.0,0
81.8,49.9,35.4,22.8,0
110.9,54.6,53.4,21.5,1
142.0,78.3,52.1,10.3,0
155.2,63.3,7.1,22.7,0
42.1,38.9,29.0,21.7,0
165.6,61.0,13.1,16.4,1
77.4,30.1,6.8,16.0,0
59.4,20.4,19.0,22.5,0
32.5,43.3,37.4,29.7,0
105.5,34.3,48.1,22.4,1
102.6,54.6,54.9,24.7,1
49.5,37.4,26.5,15.0,0
50.7,43.7,26.5,17.5,0
69.3,31.1,10.9,23.6,0
58.6,25.2,13.3,11.8,0
40.5,34.7,7.9,21.2,0
29.3,23.8,58.6,23.0,1
166.9,46.9,9.4,19.8,0
53.1,56.5,45.9,21.9,1
102.2,36.1,20.4,20.3,0
116.8,37.3,33.2,16.3,1
105.9,43.6,52.6,12.9,1
121.2,65.3,56.3,19.5,1
105.0,20.3,15.9,27.8,0
45.7,45.5,54.9,26.1,0
61.2,24.4,16.6,17.9,0
163.9,64.1,48.7,17.8,1
51.9,24.9,2.9,17.4,0
77.5,63.3,33.0,17.4,0
111.2,49.3,44.1,21.7,1
204.7,62.7,50.7,26.3,1
154.1,54.9,50.8,33.6,1
35.6,30.0,19.3,15.0,0
99.9,47.1,51.5,23.9,0
91.8,48.2,20.8,23.3,0
61.6,35.4,15.6,18.0,0
79.2,23.3,2.1,13.8,0
45.3,27.2,15.7,21.7,0
68.3,44.4,8.9,32.7,0
52.3,25.0,41.1,21.6,0
83.7,49.0,10.4,15.3,0
59.9,35.4,36.0,19.1,0
215.0,71.1,9.3,13.2,0
85.7,55.8,42.9,20.1,0
74.1,17.7,18.6,24.1,0
65.6,28.3,19.9,15.8,0
60.0,49.8,39.1,0.5,0
26.7,48.6,56.5,21.7,0
134.3,81.0,59.5,17.0,1
188.0,67.6,22.7,15.5,0
51.6,38.4,56.9,15.4,0
163.3,70.6,37.5,22.4,1
333.2,100.0,54.6,17.6,1
257.9,88.2,3.6,25.6,1
182.5,76.7,3.9,25.7,0
29.9,33.0,6.3,18.4,0
29.6,33.7,48.7,16.9,1
120.8,39.2,10.0,20.8,1
78.1,35.6,12.2,19.1,0
10.6,16.4,36.0,9.5,0
56.5,19.9,57.5,31.5,0
117.1,29.5,34.9,24.3,0
69.1,32.2,44.5,17.2,1
78.4,36.4,12.9,8.5,0
29.5,28.6,55.0,18.9,0
55.9,40.6,5.2,16.5,0
121.2,52.5,18.4,19.6,0
53.8,30.4,28.3,7.0,0
172.1,52.0,15.1,17.2,0
79.7,50.4,40.5,17.5,0
105.2,45.1,41.4,18.8,1
119.3,44.6,14.3,18.6,1
116.0,46.8,2.5,20.3,0
34.7,19.9,6.3,29.1,0
40.2,23.7,2.0,16.9,0
10.3,15.8,54.5,14.5,0
61.1,31.8,38.1,9.6,0
37.7,37.3,10.0,16.9,0
52.5,38.0,7.4,11.6,0
66.0,55.1,49.4,25.8,1
87.4,56.4,49.0,19.4,1
69.9,60.9,55.8,25.6,0
68.9,43.9,11.2,28.8,0
99.5,51.4,32.3,14.8,0
75.9,33.1,9.0,17.9,1
141.0,65.2,48.1,28.0,1
76.0,31.1,25.9,21.1,0
205.6,53.7,42.4,23.1,1
33.5,46.7,3.8,26.2,0
60.2,20.1,47.1,25.4,0
46.0,36.8,15.3,22.5,1
89.9,31.9,50.9,28.4,1
33.5,41.9,12.8,19.6,0
21.4,40.5,47.8,23.1,1
39.2,36.2,9.8,18.9,0
22.9,40.7,40.5,26.1,0
66.7,36.8,47.2,15.8,0
87.3,68.6,24.4,9.9,0
18.4,33.6,16.2,23.9,0
57.4,23.5,22.0,13.9,0
153.9,59.3,19.2,13.3,1
184.1,64.2,38.7,27.6,1
127.8,48.9,4.6,25.8,1
6.2,5.0,4.4,17.9,0
81.7,45.1,18.7,1.7,0
165.9,44.9,18.1,23.2,1
53.0,5.0,12.3,24.0,0
27.1,22.7,43.6,23.1,0
157.7,50.4,3.4,22.8,0
173.3,53.0,55.6,18.9,1
75.5,5.0,45.9,17.5,0
27.4,16.6,25.4,13.4,0
16.2,22.0,51.8,15.8,0
96.4,36.5,37.9,21.9,1
46.3,36.2,35.1,22.0,1
72.0,54.7,20.2,24.7,0
66.4,42.8,40.5,11.6,0
37.5,41.7,10.1,10.0,0
15.3,37.1,32.4,17.7,0
54.1,21.3,8.7,13.9,0
84.0,46.3,27.8,21.1,1
86.9,53.7,37.7,12.1,0
43.9,25.8,11.0,27.1,0
171.0,53.3,14.9,15.1,0
29.9,33.8,49.2,29.6,0
145.8,38.7,16.8,23.1,0
82.1,27.5,7.5,13.7,0
54.4,25.6,21.2,32.6,0
105.4,51.8,56.2,21.6,0
63.4,38.5,42.2,21.0,0
21.2,37.7,35.4,19.6,0
28.0,15.9,50.7,22.8,0
60.4,23.4,40.3,23.2,0
48.9,38.5,49.0,14.8,0
143.6,46.3,40.1,18.7,1
47.2,24.5,52.1,20.7,0
44.9,8.9,38.2,23.5,0
40.2,33.5,17.4,23.6,0
37.4,47.9,4.4,21.0,0
38.5,17.3,8.1,16.7,0
24.3,38.3,31.7,16.4,0
84.6,40.4,58.4,12.9,1
67.5,15.7,46.0,23.6,0
65.4,25.6,47.0,16.3,0
17.2,12.8,40.5,18.8,0
99.1,41.0,54.4,21.4,1
106.2,51.6,44.7,20.0,1
199.1,92.0,17.0,20.0,1
102.2,28.4,31.0,14.6,0
225.7,70.6,25.5,21.6,1
43.1,20.0,11.6,18.1,0
206.2,56.3,14.9,19.5,1
104.5,47.3,18.5,26.9,0
95.5,43.9,12.1,23.0,0
64.2,14.3,14.6,16.6,0
54.3,33.8,55.2,19.1,0
45.8,17.0,21.9,29.6,0
210.8,72.8,50.0,18.2,1
62.6,50.9,5.7,20.2,0
105.8,52.0,58.9,24.0,1
122.2,52.7,46.4,21.3,0
121.1,43.9,54.6,17.8,0
84.9,42.0,32.5,15.5,1
203.7,77.7,38.8,19.9,1
100.1,50.6,22.9,23.9,1
44.9,30.0,27.1,27.9,0
56.3,36.7,45.5,11.2,1
18.2,8.7,4.9,30.6,0
91.6,34.1,4.1,18.3,0
112.0,56.5,52.7,25.5,1
118.8,59.8,8.4,15.6,1
104.5,47.3,43.8,10.3,0
64.4,53.8,13.6,12.1,1
73.7,44.5,23.2,18.0,0
73.9,35.7,19.0,23.1,0
143.9,41.3,30.4,20.2,1
11.7,40.2,49.9,18.5,1
51.4,42.1,52.8,26.7,1
31.5,49.5,14.9,20.0,0
258.4,100.0,21.6,21.7,1
163.2,45.4,50.5,38.7,1
53.1,17.9,7.2,20.0,0
22.0,5.0,8.8,15.8,0
28.0,38.0,29.8,22.9,0
142.6,63.5,47.8,24.4,1
17.6,25.6,21.5,21.8,0
74.6,23.9,6.0,20.9,0
127.3,50.8,58.1,28.9,1
25.6,28.6,56.5,28.1,1
74.0,47.9,39.8,19.3,0
53.8,36.7,41.5,16.1,0
48.5,40.1,56.2,22.6,0
42.1,29.0,39.3,16.1,0
134.5,67.8,47.7,25.3,1
186.4,74.2,28.9,22.5,1
60.6,20.9,15.2,36.0,0
95.8,60.6,50.3,28.8,0
75.3,53.5,41.7,13.5,0
13.5,29.0,18.8,16.9,0
58.7,38.1,38.1,8.5,0
10.8,42.6,49.4,7.2,0
50.3,13.0,17.7,20.7,0
72.5,53.0,46.6,12.8,0
120.4,44.4,6.2,29.8,0
89.8,55.6,38.2,26.9,1
136.8,55.7,59.9,18.4,1
36.6,14.2,52.2,18.0,0
171.1,56.8,52.8,28.9,1
186.5,78.9,41.5,30.3,1
10.2,20.0,28.7,14.4,0
16.6,16.7,41.3,13.6,0
71.2,30.3,20.6,18.2,1
47.4,39.6,34.1,22.6,0
53.5,54.4,33.3,16.9,0
89.2,16.6,33.5,22.7,0
140.5,88.7,25.9,31.7,0
35.0,31.2,22.5,11.6,1
156.4,66.1,21.2,17.3,0
41.5,25.1,15.0,11.7,0
281.1,90.2,27.4,15.0,0
171.9,65.3,8.8,18.2,0
45.0,18.7,54.3,15.6,0
22.4,15.9,6.0,23.1,0
44.2,45.3,50.6,20.9,0
39.3,11.2,16.0,21.8,0
110.4,52.9,51.5,18.2,1
10.5,18.2,43.8,18.7,1
16.8,12.7,55.4,17.9,0
108.2,70.7,52.5,18.5,1
37.9,18.0,42.7,22.5,0
50.9,19.2,10.8,8.5,0
126.9,49.5,33.8,21.7,1
144.7,47.0,21.7,14.8,0
166.5,61.7,53.4,18.0,1
119.7,51.8,52.6,10.6,0
62.7,38.5,20.2,17.8,0
58.8,33.2,41.0,21.7,0
53.6,25.0,21.6,22.7,0
25.7,34.1,41.3,12.9,0
33.8,27.1,37.6,22.5,0
152.3,52.1,31.6,26.8,0
41.2,48.1,52.9,17.0,1
25.9,25.0,16.3,20.0,0
160.8,73.3,48.3,7.6,0
85.4,56.1,42.0,14.6,0
213.8,88.9,18.3,21.6,1
199.1,78.1,26.5,25.7,1
28.0,27.0,6.0,16.4,0
67.8,36.2,36.7,36.0,0
31.6,25.0,53.5,21.9,0
31.3,5.0,8.8,12.4,0
52.4,41.7,9.7,27.7,1
112.6,51.1,29.5,12.5,0
113.1,58.2,18.3,22.0,0
103.6,44.5,18.1,14.4,1
62.6,43.6,39.0,11.9,1
117.3,32.8,25.8,25.8,0
25.5,12.3,51.0,18.4,0
86.3,11.9,26.9,30.4,1
74.2,36.9,37.7,13.9,0
59.7,25.7,25.1,10.6,0
88.8,31.4,16.8,17.1,0
32.1,32.1,29.3,37.3,0
106.4,41.5,43.8,25.0,1
72.8,21.0,57.3,23.3,0
18.5,55.2,4.4,23.5,0
71.6,37.4,32.8,17.1,0
47.8,18.9,38.9,36.4,0
154.9,50.7,7.0,22.7,0
27.3,24.7,50.1,22.2,0
28.2,24.9,18.0,25.9,0
97.0,59.9,52.7,12.4,1
64.5,35.2,34.1,14.7,0
62.2,57.8,10.8,18.5,0
282.1,85.3,44.9,25.9,0
115.3,53.9,11.1,12.2,0
56.2,46.3,43.8,19.6,0
16.2,38.4,48.9,18.7,1
53.8,49.2,35.4,10.6,1
24.7,22.9,17.7,16.9,0
34.0,28.4,27.4,23.3,0
35.0,5.0,32.6,11.1,0
146.7,54.3,40.6,28.5,1
20.1,38.1,38.8,22.8,0
136.9,65.0,25.2,22.1,0
100.2,44.0,46.0,20.0,0
99.1,65.2,46.7,13.4,1
32.8,23.6,42.4,16.1,1
124.7,42.6,17.8,22.2,0
29.5,21.7,29.2,16.1,0
188.5,53.7,27.1,21.1,1
149.0,64.7,49.4,14.6,0
210.2,76.0,48.9,22.7,1
74.5,46.0,52.2,23.2,0
64.5,31.1,15.4,10.2,0
52.6,32.5,45.4,20.4,0
278.2,63.4,52.5,10.9,1
111.9,52.5,11.7,8.8,0
25.0,27.4,4.3,16.4,0
174.2,50.4,8.1,36.8,0
62.6,34.4,37.2,24.7,0
4.2,18.0,26.5,28.4,0
39.2,51.0,13.3,23.7,0
148.9,44.5,32.6,21.2,1
100.4,49.1,47.6,25.4,1
114.8,35.6,51.6,16.2,0
173.1,56.6,45.6,22.8,1
13.4,26.7,53.4,27.1,0
39.6,27.4,37.0,24.2,1
75.8,38.9,50.6,27.5,0
151.9,62.0,26.2,21.1,0
29.3,21.4,51.4,30.2,0
56.0,44.6,54.0,18.8,1
72.2,34.4,41.8,32.7,1
38.0,28.3,27.0,23.4,0
71.6,42.2,18.3,17.7,0
64.2,38.8,20.9,12.9,0
46.8,39.4,9.7,15.2,0
124.5,54.9,4.7,14.2,0
109.3,53.0,26.0,19.5,0
128.3,48.2,4.5,12.4,0
136.2,41.2,53.1,27.8,1
17.8,7.3,39.7,20.7,0
19.9,5.0,50.9,20.4,0
117.2,70.5,27.8,13.0,1
50.4,6.1,15.0,15.4,0
45.4,45.7,18.8,6.7,1
39.9,20.1,51.6,29.7,0
131.4,67.1,9.1,11.5,0
266.7,60.3,42.5,11.9,1
135.7,51.1,15.1,28.5,0
48.6,49.6,22.5,22.3,0
126.8,60.3,2.2,20.7,0
19.3,20.8,29.8,22.0,0
60.8,11.9,9.4,25.7,0
13.4,7.5,51.9,20.6,1
50.5,49.3,7.7,10.7,0
82.1,36.3,16.5,24.4,1
299.2,93.9,2.9,22.5,1
160.3,63.5,59.6,27.0,1
13.7,7.8,39.2,12.5,0
15.2,28.7,39.3,15.6,0
38.2,24.5,32.1,22.4,0
227.8,80.5,52.3,14.3,1
14.4,16.7,10.4,5.9,0
40.1,11.2,48.0,21.2,0
40.0,24.9,48.8,25.4,0
96.9,51.9,4.1,19.2,0
129.1,57.0,9.7,23.3,1
110.1,47.9,33.7,22.4,1
87.3,52.6,7.2,20.1,0
18.5,22.2,18.4,20.8,0
77.5,40.0,25.4,28.1,1
176.4,58.3,11.1,14.2,1
216.8,85.7,42.8,24.6,1
95.0,47.2,30.7,12.9,0
13.9,16.8,39.1,15.2,0
96.2,26.2,29.5,27.2,0
64.1,49.3,25.9,12.7,0
16.4,15.2,30.6,18.6,0
27.8,27.8,54.2,34.2,0
32.8,56.4,25.0,26.2,0
117.5,59.0,39.3,15.6,1
210.7,92.0,50.4,16.6,1
105.1,39.8,38.0,19.0,0
120.1,62.9,15.1,27.9,0
67.6,37.2,9.1,14.0,0
44.8,35.6,36.3,13.6,0
107.2,71.0,44.2,24.3,1
88.1,38.7,46.6,9.9,1
35.6,29.1,42.2,14.5,0
83.8,30.1,2.2,19.5,0
71.1,48.4,46.9,19.8,1
55.6,27.2,37.1,11.8,0
43.5,43.1,59.3,22.1,1
94.9,23.9,46.3,23.3,0
45.9,38.1,27.0,16.0,0
267.0,79.0,41.2,30.0,1
102.6,54.4,37.7,22.0,1
96.1,43.9,21.6,14.0,0
62.1,29.1,32.9,29.7,0
51.7,28.3,13.9,16.9,0
10.5,12.4,7.1,21.1,0
37.7,39.5,44.5,17.1,0
13.5,10.8,24.3,23.7,0
13.3,20.1,45.8,17.1,1
23.9,30.1,30.3,17.5,0
164.1,80.4,49.0,19.0,1
163.5,60.8,44.9,17.0,1
38.5,26.7,46.3,26.4,0
18.0,27.8,26.9,12.5,0
49.8,7.6,57.7,19.8,0
116.7,34.8,25.5,20.5,0
141.7,50.9,48.0,19.3,0
82.9,32.2,30.4,25.8,0
94.1,24.3,15.6,11.0,0
87.5,52.2,38.5,23.4,0
14.6,26.8,29.2,12.5,0
19.9,26.7,17.3,16.9,0
216.5,65.8,24.2,11.9,1
82.6,41.6,11.3,18.0,0
7.6,28.1,59.2,16.5,0
98.2,41.4,39.3,29.8,0
31.4,33.2,12.1,21.4,0
149.7,47.9,46.3,22.6,0
138.8,55.9,36.9,13.4,0
112.1,61.7,43.9,24.4,1
81.9,55.3,35.9,29.8,0
175.0,79.7,5.5,25.2,0
187.1,70.2,13.8,12.1,0
32.1,28.4,46.6,17.2,1
111.2,42.4,45.8,20.7,0
43.9,9.3,45.7,16.5,1
28.0,10.9,2.9,35.2,0
187.0,64.7,48.7,17.1,1
124.2,49.7,27.5,19.7,0
87.1,58.7,42.2,16.4,1
35.0,44.5,17.8,21.4,0
190.7,59.4,46.6,28.3,1
30.9,37.6,59.0,20.7,0
24.8,20.5,16.7,18.7,0
71.3,46.0,47.5,13.6,1
116.6,58.8,37.1,27.3,1
54.0,48.4,17.8,19.1,0
80.9,34.3,19.1,18.9,0
43.7,43.1,44.4,6.0,0
48.0,9.5,18.5,19.2,0
233.0,93.8,4.8,17.6,0
66.1,36.2,52.7,9.0,0
182.6,65.6,36.2,25.9,1
12.8,5.0,46.0,16.8,0
151.8,53.3,37.0,31.4,1
36.6,45.4,32.0,28.5,0
126.3,46.4,46.7,15.7,0
36.3,37.6,3.9,28.2,0
51.0,33.2,20.1,29.7,0
27.2,39.5,38.4,16.6,1
128.0,54.3,56.8,13.8,0
142.4,44.4,24.8,7.1,0
37.6,30.1,58.6,22.3,0
16.8,43.4,45.8,14.2,0
180.8,71.2,30.1,22.5,1
41.7,29.0,26.9,16.6,0
63.4,62.9,9.5,15.3,0
31.9,41.9,37.7,16.6,0
119.4,59.7,5.0,12.2,0
121.5,54.2,26.9,16.6,0
201.4,79.1,15.8,15.6,1
154.8,67.9,57.5,19.9,1
147.5,30.7,23.1,20.6,0
68.1,41.8,30.4,13.6,0
61.7,33.5,23.8,26.6,0
118.2,43.6,10.0,19.0,0
65.2,34.0,22.4,29.0,0
158.5,41.0,47.2,21.4,1
30.0,5.9,38.0,20.4,0
12.5,38.1,27.4,17.1,0
108.5,52.7,49.6,23.7,1
46.3,5.0,2.2,20.2,0
25.9,19.6,49.9,25.2,0
287.3,100.0,5.5,29.6,1
73.2,34.9,52.5,15.6,0
20.4,40.0,57.0,23.7,0
41.7,43.0,49.5,23.5,0
57.6,18.1,3.1,22.7,0
106.9,45.0,32.5,17.4,0
41.9,25.1,50.1,17.5,0
64.2,19.4,33.6,16.5,0
89.3,24.9,22.9,16.4,0
102.0,35.8,29.3,15.0,0
68.0,29.3,6.7,19.4,0
230.5,81.0,30.8,15.5,0
120.3,62.6,3.6,22.6,0
115.6,55.1,39.4,20.3,0
112.6,57.2,24.6,21.0,1
159.3,56.6,13.1,18.4,0
84.9,48.5,3.0,20.4,0
29.6,25.6,55.5,18.5,0
98.5,39.3,34.3,24.7,0
107.8,69.7,39.5,17.3,0
176.6,36.2,47.2,22.3,1
26.8,5.0,38.3,12.2,1
33.4,32.9,26.0,24.3,0
75.0,35.6,38.4,16.6,0
114.9,31.5,16.6,14.5,0
22.3,12.9,34.6,13.2,0
27.5,15.8,13.9,12.7,0
134.9,64.4,55.2,17.1,1
23.2,40.3,31.6,29.0,0
33.8,48.1,15.6,16.1,0
140.9,36.2,39.1,6.7,1
113.7,32.0,7.2,22.2,0
42.3,13.4,27.2,13.3,0
104.5,61.6,52.2,24.9,0
90.4,47.6,46.5,17.5,1
65.9,37.4,42.8,18.4,1
52.9,36.0,29.3,27.2,0
101.5,44.7,27.9,23.7,1
25.3,12.9,2.7,12.5,0
100.6,51.3,36.8,13.4,1
84.2,38.8,35.5,9.3,0
88.8,27.8,2.3,35.6,0
32.5,35.0,9.9,14.8,0
179.6,59.8,2.7,27.0,1
42.4,33.3,16.7,16.8,0
48.4,30.6,2.2,13.5,0
63.9,46.7,26.2,20.1,1
113.5,51.0,29.6,18.0,0
86.8,31.1,27.4,24.8,1
16.1,27.9,13.6,24.9,0
72.4,42.3,32.4,16.5,0
77.1,45.4,49.2,11.4,0
182.6,78.1,18.9,12.8,1
56.8,26.8,20.1,6.3,0
106.6,54.7,33.5,18.4,1
375.7,93.2,15.6,19.9,1
161.8,59.0,21.6,13.1,0
30.8,24.4,28.2,12.4,0
124.4,68.5,24.4,19.9,1
101.0,43.4,49.5,16.2,1
55.3,41.1,51.2,18.7,0
125.5,30.2,25.4,17.8,0
30.4,23.4,28.0,21.5,1
43.2,20.6,57.5,16.6,0
64.4,65.8,31.2,17.1,1
53.2,25.3,59.6,8.7,0
116.0,49.9,46.2,19.7,1
70.8,39.2,17.3,20.5,0
48.9,13.2,15.3,18.9,0
159.9,53.7,11.2,31.5,1
113.0,53.1,48.8,21.0,1
19.6,25.9,19.8,19.1,0
19.2,5.0,41.2,23.0,1
49.2,25.5,33.3,32.7,0
22.1,37.8,49.9,21.5,0
142.8,62.8,45.5,6.7,1
45.0,45.9,5.7,22.6,0
106.5,34.8,21.6,14.7,1
123.2,66.2,32.2,8.5,1
10.6,22.1,48.6,30.2,0
46.7,50.8,43.4,28.9,1
62.1,35.6,33.9,14.6,0
89.7,17.9,48.9,14.6,0
137.3,64.5,27.2,21.0,0
295.7,88.6,5.2,14.7,1
215.5,69.3,52.5,19.2,1
70.2,20.1,32.5,15.7,0
69.6,56.9,48.9,17.6,1
200.6,63.9,24.7,11.6,0
73.2,57.2,36.1,25.0,0
45.8,26.3,21.2,27.2,0
144.4,45.0,25.8,19.4,0
92.9,59.1,10.5,19.8,0
18.9,23.8,45.0,23.8,1
57.2,33.5,18.3,20.0,0
22.8,10.3,19.5,30.4,0
4.2,15.6,22.5,12.1,0
235.5,84.0,27.1,25.2,1
80.5,24.5,35.4,19.3,0
59.0,28.3,41.6,13.3,0
48.9,27.2,41.2,33.5,0
74.3,39.4,26.6,34.3,1
48.4,49.9,29.9,18.8,0
31.4,24.2,10.1,22.7,0
50.8,24.4,32.2,17.2,0
187.6,99.8,52.9,18.1,1
142.1,50.3,28.7,13.2,1
50.9,30.4,56.4,12.3,0
251.4,78.6,11.0,31.1,1
69.5,34.1,44.7,19.8,0
38.0,30.4,43.1,20.3,0
96.0,55.0,41.5,15.1,0
207.7,76.8,40.4,21.1,1
181.6,78.3,3.3,11.0,0
39.7,42.4,45.0,15.4,0
25.8,29.0,31.0,12.8,0
54.7,38.2,32.4,27.8,0
107.9,60.3,5.0,10.1,0
129.3,39.0,12.9,12.9,1
164.5,91.1,54.8,7.7,0
83.9,34.8,20.3,14.7,0
85.9,37.3,24.8,17.2,0
81.6,25.8,13.0,25.9,1
150.2,43.4,38.7,18.7,0
130.9,64.4,45.0,17.5,1
38.4,56.9,55.4,21.8,0
119.9,43.2,34.6,17.3,0
143.6,60.1,18.0,34.5,1
151.5,60.5,6.1,16.5,0
93.0,55.3,17.4,22.5,0
89.3,69.0,37.9,25.0,1
71.9,56.2,58.5,16.3,0
77.7,36.6,6.6,21.0,0
226.3,82.9,24.5,17.0,1
79.7,47.5,40.7,21.6,0
41.2,30.1,35.3,20.6,1
94.4,30.5,39.8,19.2,0
127.5,42.3,28.9,13.1,0
147.3,70.6,17.5,31.2,0
31.0,42.8,30.0,23.5,0
196.2,66.6,24.1,10.5,1
124.2,54.2,43.1,17.5,1
188.8,81.6,12.0,10.6,1
21.3,5.0,30.8,24.6,0
155.5,53.5,57.6,19.9,1
29.7,51.6,32.8,20.0,1
60.0,38.6,15.8,14.9,0
127.0,38.2,56.3,18.1,0
27.1,28.2,16.2,24.7,0
48.1,44.3,45.6,26.3,0
20.9,5.0,8.4,25.1,0
124.7,53.3,51.4,10.7,1
37.9,25.0,12.5,18.9,0
75.9,19.3,24.9,21.5,0
101.1,46.3,58.0,15.6,1
93.7,41.8,35.6,10.0,0
87.6,41.6,17.3,12.3,0
87.4,37.7,2.0,29.0,0
22.3,13.3,2.4,12.9,0
62.6,18.2,17.9,20.3,0
86.9,33.4,32.6,19.1,0
80.0,50.3,30.1,19.1,1
68.4,39.9,55.5,18.1,1
42.5,29.8,46.3,24.7,1
92.2,30.6,55.6,20.2,0
104.9,41.7,31.7,16.2,1
53.5,42.2,27.9,20.3,1
148.0,63.1,34.8,12.3,1
198.9,64.0,23.6,22.9,1
77.1,7.9,14.2,15.9,0
39.2,21.7,50.5,16.3,1
26.7,20.9,41.5,23.1,1
59.3,23.9,20.9,17.6,0
72.9,33.3,27.9,17.9,0
25.4,36.2,15.1,27.0,0
57.9,34.0,34.6,14.2,0
142.7,67.6,22.8,23.0,1
8.7,5.0,52.8,25.7,0
80.7,36.5,32.6,27.0,0
47.8,8.7,25.9,33.1,0
74.6,33.5,45.5,16.1,0
206.0,59.0,54.5,14.8,1
72.0,53.4,49.4,24.9,1
64.2,41.0,30.7,25.6,0
119.2,62.0,22.7,15.3,1
93.1,38.1,40.4,22.9,1
81.0,28.0,49.4,36.3,0
95.5,31.3,58.8,20.6,0
169.6,65.6,28.5,25.5,1
136.5,75.9,40.8,29.5,1
60.9,40.2,19.0,35.0,0
198.8,65.2,7.1,21.5,1
50.3,30.3,16.7,27.5,0
80.7,39.8,2.8,15.3,0
87.7,66.2,31.5,20.1,1
58.6,49.5,23.6,17.3,0
184.8,69.3,41.3,8.7,0
56.3,35.4,37.7,10.4,0
67.7,40.5,11.7,22.6,0
150.3,63.5,41.1,22.7,1
51.8,28.0,12.9,13.8,0
24.4,16.0,2.3,29.3,0
82.4,53.0,58.3,13.3,1
31.7,28.2,3.6,21.5,0
28.6,38.5,21.8,17.5,0
8.9,42.0,39.0,20.6,0
10.5,28.9,23.5,25.4,0
11.5,27.2,24.1,24.5,0
216.3,100.0,43.9,24.2,1
11.4,25.3,36.9,23.5,0
31.0,14.7,32.1,12.4,0
68.6,33.8,53.4,26.8,1
115.5,67.5,8.3,13.6,0
123.9,35.4,29.2,19.4,0
39.2,20.8,15.9,17.9,0
79.6,53.2,4.1,22.1,0
67.1,33.5,58.8,17.1,0
76.3,37.8,44.6,19.0,0
84.0,53.9,14.5,29.7,0
100.8,36.6,25.3,12.2,0
47.1,14.2,15.1,20.0,0
56.7,17.5,41.7,13.3,1
287.4,98.8,22.3,24.0,1
49.5,35.5,55.4,15.6,0
80.7,31.9,14.0,20.2,0
67.5,23.0,22.3,12.1,0
78.4,36.3,56.0,27.7,1
153.0,71.6,53.3,20.4,1
64.6,26.1,19.0,20.8,0
27.5,18.9,30.0,25.0,0
46.4,17.3,53.3,12.5,0
64.7,31.8,40.9,16.3,0
86.0,45.6,39.0,21.0,0
39.4,55.2,40.3,9.4,0
43.1,33.4,55.4,10.1,1
88.3,41.4,32.0,15.1,0
90.5,53.0,12.5,13.2,1
138.6,63.0,29.4,17.9,0
45.9,24.6,44.3,23.1,0
107.9,74.6,30.5,24.5,1
67.6,36.6,20.2,30.9,1
51.5,35.7,40.6,19.9,0
69.3,43.9,28.1,20.9,0
76.8,43.3,57.8,19.9,1
24.8,44.5,22.4,21.9,0
26.7,19.6,43.6,22.4,0
118.3,59.0,34.2,25.5,0
55.6,35.9,6.5,25.5,0
86.5,53.4,29.2,23.1,0
115.9,46.4,3.7,29.1,0
69.6,33.2,47.8,20.2,0
109.3,56.1,44.6,16.3,1
77.1,43.6,4.9,17.3,1
79.8,30.1,31.0,19.4,0
161.4,76.5,57.8,13.5,1
64.1,44.8,18.5,16.3,0
119.2,48.9,54.4,13.2,1
20.7,19.5,10.8,22.1,0
84.2,45.4,2.4,22.1,0
188.9,75.2,32.8,9.4,1
300.8,76.1,15.9,16.1,1
21.7,29.9,53.0,31.0,1
55.4,41.7,41.1,23.8,0
32.3,5.0,41.8,22.7,0
66.0,38.9,41.1,16.0,0
132.7,61.5,41.4,21.7,0
165.2,68.3,45.3,19.9,1
168.8,71.8,40.9,15.2,1
19.8,21.0,50.4,17.0,1
75.5,26.4,34.4,17.2,0
45.2,9.7,22.3,11.1,0
63.1,48.9,29.1,12.1,0
50.5,41.1,27.5,18.8,0
20.8,39.2,21.3,14.9,0
166.3,52.9,26.1,18.2,0
39.7,39.6,24.3,10.4,0
45.9,13.4,8.4,24.8,0
189.7,57.0,50.2,32.5,1
17.3,25.8,45.9,26.2,0
99.8,52.9,21.6,26.8,0
145.4,76.5,56.8,23.8,1
179.8,62.1,57.1,21.6,1
95.1,33.4,51.7,20.5,0
120.8,39.2,3.7,14.5,0
145.3,48.1,23.5,24.1,0
66.8,63.4,28.5,23.8,1
35.0,37.8,43.7,17.2,1
199.1,83.1,38.8,23.2,1
112.0,45.1,41.3,15.8,0
75.5,38.8,46.5,16.2,0
21.9,33.9,57.0,24.7,0
6.7,15.6,34.0,22.6,0
98.5,41.1,54.4,18.6,1
6.2,13.4,49.3,17.9,0
74.9,33.3,21.6,21.0,0
41.3,30.9,49.2,9.0,0
50.4,22.7,8.8,15.5,0
170.0,65.9,11.2,12.4,1
41.6,33.8,59.6,20.1,0
77.7,37.3,26.9,26.5,0
41.8,20.5,28.7,22.9,0
92.0,44.3,57.2,16.9,0
82.9,34.7,23.0,15.8,0
74.9,39.3,15.7,15.5,0
145.7,69.6,6.5,32.0,0
17.3,9.3,32.3,20.4,0
12.8,49.3,13.6,21.2,0
26.0,25.6,5.8,7.3,1
83.2,45.7,49.2,12.9,1
103.5,36.8,21.1,19.7,0
2.0,34.2,35.6,17.0,0
102.5,44.1,8.1,20.8,0
56.5,29.4,31.3,20.7,0
202.5,63.7,38.6,23.6,1
97.3,41.1,28.1,8.8,0
187.2,71.8,21.6,13.4,1
164.4,63.2,20.0,19.4,1
56.5,33.6,8.3,16.1,0
133.1,44.7,8.7,18.1,1
56.4,24.9,30.8,20.7,1
219.2,69.3,10.1,15.5,0
60.7,40.7,15.0,21.2,0
107.0,54.7,11.6,23.3,0
246.3,91.1,48.5,20.4,1
110.3,47.6,28.1,24.3,1
51.8,37.6,34.1,7.0,0
23.2,23.8,35.8,16.5,0
17.5,5.0,25.0,25.4,0
102.1,42.9,19.3,14.8,0
69.3,32.8,24.2,14.0,0
26.5,14.2,33.0,19.2,0
123.4,44.0,22.8,19.9,0
122.2,52.2,9.9,16.8,1
68.4,23.5,55.0,31.1,1
192.7,59.6,44.5,21.7,1
14.2,42.1,5.8,14.6,0
53.4,14.1,54.5,11.4,0
109.9,45.3,11.9,22.4,0
29.5,13.4,7.7,14.4,0
131.9,44.0,12.0,32.9,0
159.0,57.4,56.1,22.6,0
3.9,9.1,14.8,23.4,0
197.0,76.1,47.6,21.5,1
105.2,62.5,39.3,26.7,0
48.4,42.2,32.1,5.6,0
19.1,37.1,23.2,12.8,0
144.2,39.5,7.4,26.2,0
25.2,23.4,43.2,29.0,1
105.1,51.9,24.9,12.6,0
26.2,37.0,33.0,9.1,0
73.6,59.4,5.0,21.0,0
139.8,67.8,47.0,22.9,1
49.0,43.0,42.2,20.9,0
196.1,100.0,32.7,19.6,1
111.7,49.1,30.8,8.9,1
29.6,23.9,21.5,17.7,0
20.7,27.3,21.9,18.6,0
37.5,18.4,6.0,16.7,0
70.9,38.5,41.8,8.5,0
208.5,51.4,4.6,23.5,1
235.0,72.4,2.1,25.2,0
47.4,30.5,3.8,15.2,0
46.2,42.9,13.8,18.9,0
125.1,64.6,35.1,17.0,1
124.4,39.5,41.5,17.1,0
175.5,88.8,26.4,23.0,1
178.7,66.5,25.7,23.1,0
35.2,31.7,35.5,26.4,1
16.7,5.0,36.6,26.3,0
112.9,40.8,51.0,19.0,0
86.6,54.2,49.5,37.1,1
8.5,24.2,49.8,29.3,0
16.2,25.4,51.0,16.1,1
109.0,50.0,53.0,20.8,1
66.1,19.2,34.2,8.1,0
110.8,46.5,36.5,20.2,0
27.7,43.8,44.2,30.0,0
116.6,62.2,13.5,36.7,0
94.6,42.2,22.9,19.3,0
122.7,69.4,54.9,22.0,1
50.3,17.5,32.3,23.6,0
41.6,18.7,5.0,31.9,0
19.1,47.1,25.5,14.1,0
57.5,41.3,11.3,35.9,0
154.4,55.1,22.7,18.1,1
184.1,65.4,33.6,13.0,1
25.4,16.7,31.3,18.1,0
70.9,41.0,30.4,15.1,0
210.6,75.0,3.1,22.5,1
229.8,77.7,27.8,10.1,1
55.6,20.0,3.7,20.8,0
163.8,64.1,25.5,24.0,0
145.2,49.9,39.5,28.9,0
137.1,42.4,9.3,24.1,0
13.8,38.6,55.2,28.5,0
45.0,57.3,38.6,16.4,0
65.0,59.6,14.6,22.4,1
63.5,43.7,24.9,6.6,0
70.3,34.4,7.6,19.3,0
246.5,80.8,3.3,22.3,1
57.2,39.2,55.1,22.9,0
97.9,39.4,41.2,10.6,0
95.4,59.7,47.2,17.7,1
71.0,13.3,38.1,18.5,0
27.0,23.2,54.6,17.4,0
78.5,49.2,54.0,24.4,1
8.3,11.9,5.4,18.7,0
105.1,43.4,13.0,20.6,0
6.6,28.8,25.0,17.1,0
98.4,62.8,21.8,26.4,0
43.0,15.2,32.5,26.8,0
30.7,11.3,17.5,18.1,0
126.5,40.3,48.3,37.1,0
51.9,14.5,2.4,15.4,0
75.4,21.3,47.9,26.0,0
14.3,11.9,24.8,14.3,0
193.3,83.1,2.3,24.6,0
81.2,36.5,51.1,24.2,1
81.0,40.6,27.9,13.9,0
106.8,35.2,44.0,19.2,0
3.1,28.4,53.0,31.2,0
206.4,94.1,4.0,15.1,1
55.5,23.2,17.2,22.4,0
198.3,90.3,8.9,22.0,1
53.9,37.8,7.7,19.7,0
44.1,31.2,56.8,9.6,1
101.6,50.2,48.7,25.0,0
279.5,94.6,23.2,20.1,1
163.7,83.2,41.9,26.6,1
109.8,53.7,55.3,21.4,0
100.4,51.6,14.8,20.4,0
77.9,34.4,2.8,22.2,0
192.3,78.1,49.8,14.1,1
128.7,40.7,43.9,29.3,0
18.7,26.0,11.3,17.7,0
30.9,62.3,30.4,17.8,1
112.6,18.1,11.3,27.8,0
26.0,29.3,37.0,21.5,0
80.8,43.5,39.6,18.6,1
136.4,51.4,18.0,22.5,0
102.1,43.1,47.3,23.8,0
22.1,26.6,29.5,19.3,0
32.6,25.1,43.0,25.5,0
104.4,48.8,39.1,12.4,1
259.5,79.0,28.1,21.6,1
68.3,61.3,19.0,24.8,0
139.7,51.9,13.8,23.7,1
102.7,52.5,45.3,6.6,1
42.6,22.6,39.2,19.2,1
140.8,66.4,18.3,12.7,0
13.8,32.3,58.1,27.7,0
133.7,58.5,49.0,17.7,1
107.4,34.5,9.4,27.0,0
46.3,22.5,11.4,12.7,0
28.3,47.3,33.6,22.3,0
49.9,23.3,7.9,20.0,0
39.8,37.6,57.9,36.6,0
59.7,23.6,39.0,27.1,1
54.4,45.7,5.8,26.7,0
46.2,23.3,27.7,32.2,0
13.2,11.7,14.9,21.7,0
24.5,17.6,30.4,19.4,1
156.5,52.5,16.3,18.7,0
47.4,36.7,50.2,22.0,0
60.7,36.0,43.8,3.4,1
51.9,19.8,54.6,20.0,1
195.3,68.5,13.5,21.4,1
38.9,16.0,24.4,19.1,0
36.5,36.8,48.7,10.8,0
109.1,57.2,23.7,19.1,0
85.6,41.1,24.0,10.8,0
111.3,51.1,59.2,30.6,1
106.3,67.6,46.7,18.5,1
143.3,53.9,51.9,7.6,1
21.5,14.0,25.6,18.8,0
101.7,52.4,36.0,25.4,1
36.7,15.6,28.1,21.1,0
8.9,19.7,28.1,14.5,0
105.8,39.3,9.4,15.9,0
101.4,36.9,50.8,18.3,1
73.1,35.3,24.7,17.4,1
145.1,67.1,35.7,12.4,0
37.0,42.5,51.7,19.6,1
118.4,60.7,46.9,12.0,0
65.1,40.3,13.5,25.7,0
69.2,34.2,37.9,26.4,0
10.7,5.0,30.8,14.0,0
146.1,60.9,17.1,15.7,1
98.5,17.3,4.4,17.5,0
115.2,25.7,38.5,19.8,0
32.5,26.2,47.2,21.5,1
90.3,45.8,56.6,22.8,0
65.0,30.8,22.6,22.6,0
102.3,64.0,25.2,29.3,1
87.3,47.4,11.5,20.4,0
221.0,72.2,59.1,12.2,1
176.8,80.8,51.3,10.3,1
59.2,53.6,57.5,29.8,1
105.7,52.6,30.7,23.1,0
55.3,24.5,14.2,21.2,0
142.4,49.0,35.2,22.7,1
67.2,19.4,23.6,21.0,0
49.2,31.8,22.2,22.6,0
89.4,29.8,6.8,17.8,0
167.6,58.0,6.2,26.3,1
150.1,60.6,24.0,16.9,1
51.6,9.1,55.7,14.6,0
208.2,56.9,43.9,9.9,1
34.3,22.5,46.1,18.6,0
44.3,30.4,15.6,27.6,0
138.3,48.6,44.6,17.3,1
9.0,19.0,25.6,11.7,0
75.6,30.4,5.4,21.7,0
59.0,17.4,24.9,16.1,0
216.3,67.7,9.6,29.3,0
28.8,24.6,51.5,26.4,0
31.9,24.2,50.7,12.4,0
236.1,80.4,18.7,19.0,1
59.6,39.9,37.5,15.5,0
163.2,69.0,23.1,13.0,1
52.1,25.4,10.9,19.7,0
42.8,11.8,39.7,24.9,0
168.7,77.4,46.1,19.5,1
274.2,93.2,46.9,16.9,1
177.5,52.9,10.7,6.8,0
49.4,35.7,31.7,16.0,0
73.1,51.1,3.4,23.3,0
33.2,49.1,7.2,11.9,0
38.5,32.6,6.7,27.7,0
36.8,41.9,5.3,16.5,0
53.1,18.8,21.4,21.2,0
82.2,40.1,22.7,17.6,0
75.4,34.8,42.5,12.9,0
124.8,55.3,21.1,22.6,0
85.5,60.7,10.1,16.4,0
116.6,52.1,56.9,15.0,0
129.8,41.2,52.8,5.7,0
50.1,17.4,9.2,27.8,0
66.1,56.3,23.0,20.0,0
400.0,100.0,11.7,26.6,1
46.7,37.1,57.6,23.7,1
121.3,46.2,22.6,26.6,0
23.0,29.0,7.7,16.6,0
132.4,41.3,44.2,11.8,1
40.4,34.8,43.3,24.6,0
77.5,25.3,16.0,20.8,0
19.3,20.5,20.6,17.2,0
71.6,30.2,26.1,24.5,0
72.8,5.0,17.5,21.8,0
64.2,31.9,18.8,23.8,0
103.0,35.0,48.5,13.9,0
159.1,57.3,45.6,25.9,1
31.8,28.0,42.2,20.0,1
65.4,57.6,41.8,26.5,1
11.9,26.6,32.3,25.8,0
84.7,45.2,22.4,24.1,1
29.5,33.3,43.8,19.3,0
74.8,49.2,8.7,24.3,0
87.2,47.3,10.2,26.7,0
14.5,27.0,9.3,23.6,0
97.2,52.8,44.5,21.2,0
153.9,29.4,36.3,24.3,0
113.6,73.5,28.1,16.8,1
32.5,47.2,29.6,29.1,0
71.2,40.4,50.0,9.9,1
77.5,22.4,9.1,20.2,0
66.4,51.1,24.2,17.6,1
21.9,17.1,46.1,16.2,0
37.4,35.7,40.2,21.8,1
61.9,20.1,27.2,13.2,0
86.3,68.3,15.0,32.9,1
46.5,14.3,56.9,11.9,0
10.3,23.4,25.7,14.3,0
48.9,6.8,52.9,13.7,0
220.7,74.7,47.1,21.2,1
97.7,39.3,52.0,26.1,0
84.5,54.8,3.0,23.2,0
36.9,24.1,29.7,28.8,1
50.8,46.4,17.0,15.0,0
9.4,10.1,17.9,24.0,0
34.6,25.3,17.7,18.2,0
94.1,40.4,24.6,21.4,0
85.0,47.2,25.8,26.7,0
42.8,35.1,38.8,9.8,1
66.4,45.3,19.4,31.9,0
75.4,42.1,17.8,19.1,0
44.8,39.1,22.9,10.4,0
101.8,34.7,41.8,15.8,0
83.8,45.6,2.0,20.6,0
52.4,52.4,45.3,15.8,0
23.4,5.7,21.7,7.7,0
49.3,38.2,35.4,20.6,0
46.6,39.8,46.2,15.7,0
42.7,48.2,31.6,23.9,1
15.2,32.5,39.5,13.6,0
182.5,66.8,55.4,33.6,1
176.5,69.3,3.7,23.1,1
64.5,27.3,22.3,21.2,0
86.0,36.8,55.8,23.7,1
100.5,29.1,50.6,9.1,1
65.3,54.2,37.8,17.0,0
90.6,48.0,15.3,30.7,0
110.9,36.7,21.2,18.1,0
81.5,43.6,51.8,19.6,0
125.0,65.2,42.5,17.2,0
41.5,42.3,18.6,28.8,0
71.2,26.7,9.7,18.5,0
363.1,73.2,47.3,12.5,1
145.6,61.1,35.4,35.5,1
82.9,30.1,57.9,11.7,0
31.8,35.4,25.6,19.4,0
74.0,49.9,22.2,14.9,0
139.0,68.1,18.9,15.8,0
119.8,70.9,29.9,13.6,0
11.4,37.7,20.7,16.8,0
15.8,44.9,6.2,25.9,0
16.6,40.7,20.1,8.6,0
101.7,63.0,14.7,27.6,0
16.9,23.7,49.3,26.5,1
30.6,12.2,15.7,23.1,0
63.5,65.7,28.6,20.8,1
155.1,59.5,41.0,21.7,1
105.2,61.0,10.7,28.5,0
57.6,27.8,32.8,9.5,0
127.5,63.4,51.1,24.4,1
263.9,56.6,35.9,15.5,1
74.5,33.7,30.0,25.0,0
22.0,24.3,50.7,16.3,0
31.6,33.4,56.9,24.2,1
31.3,40.7,49.6,10.7,0
38.1,16.4,25.7,9.8,0
54.4,41.5,37.5,19.3,0
88.2,56.8,32.5,28.6,1
18.8,52.8,19.6,23.2,0
22.5,34.1,27.2,23.2,0
110.2,42.0,50.1,25.2,0
46.8,16.4,19.4,17.6,0
34.4,50.6,53.6,23.7,1
59.5,43.7,59.5,16.5,1
173.6,63.1,19.8,18.1,1
121.2,30.9,9.1,18.9,1
115.4,37.7,57.5,16.7,0
215.2,81.4,11.9,19.6,1
91.3,47.1,46.7,18.5,1
228.3,53.7,4.3,15.8,1
240.5,87.7,15.7,19.2,0
19.4,6.0,17.1,20.9,0
14.2,39.8,19.2,13.4,0
29.4,29.9,55.3,22.5,1
162.1,55.0,12.2,17.0,1
60.5,47.0,12.1,21.2,0
54.6,37.9,42.1,16.0,1
129.9,68.4,57.2,26.3,1
44.8,32.2,24.6,25.7,0
82.8,42.4,46.8,13.7,0
110.2,44.1,3.8,23.1,0
32.0,31.1,49.8,28.7,0
25.5,46.8,44.0,14.3,1
74.2,32.5,54.0,14.8,0
81.5,48.2,39.0,24.4,0
122.9,40.2,56.6,12.2,1
28.7,5.0,24.6,15.3,0
39.1,32.3,44.5,13.9,1
238.9,84.2,44.1,24.5,1
143.3,54.5,17.6,15.8,0
65.0,18.3,55.4,18.3,0
159.4,63.5,47.2,15.5,1
28.8,30.4,52.2,26.9,0
59.2,24.1,23.0,14.8,0
81.0,24.0,50.8,11.6,1
53.9,30.5,20.3,11.3,0
55.5,41.7,57.9,24.2,1
118.6,54.6,3.4,24.6,0
144.7,45.6,37.9,27.5,0
49.4,34.0,8.5,12.4,0
20.5,35.8,43.7,18.6,0
16.3,10.0,23.1,34.6,0
8.2,22.8,52.5,18.2,0
212.8,89.3,52.6,16.6,1
118.9,34.4,23.3,19.9,0
101.0,59.1,49.0,23.2,0
44.1,50.5,41.5,23.1,0
43.9,28.3,26.7,16.3,0
148.0,52.9,21.9,16.5,0
14.2,36.0,14.2,18.2,0
51.1,30.6,5.7,15.6,0
162.9,32.5,32.0,12.6,0
51.1,31.6,33.3,30.8,1
114.7,54.3,27.8,17.6,1
67.1,45.7,57.1,17.9,0
2.5,10.1,2.8,18.1,0
64.9,33.0,51.3,19.5,0
75.3,50.6,48.4,22.6,0
61.0,34.5,46.0,17.2,0
24.4,7.7,32.4,26.8,0
61.5,50.2,13.0,23.6,0
8.9,19.7,52.0,18.9,1
50.6,45.8,45.2,16.0,0
121.3,33.6,50.3,26.5,1
204.9,69.8,15.7,19.0,1
182.4,71.7,34.2,12.5,1
28.1,26.0,26.1,26.1,0
17.1,10.1,39.1,15.6,0
81.0,11.6,45.7,25.2,0
71.6,56.2,12.1,4.9,1
108.6,50.1,12.1,17.8,1
41.0,44.3,4.5,27.0,0
73.3,49.5,11.1,20.0,0
70.3,44.7,15.9,23.6,0
52.1,29.2,6.2,14.6,0
13.1,29.2,22.6,22.1,0
120.0,67.2,41.2,20.0,1
81.5,41.4,48.0,21.5,1
126.0,74.3,22.1,32.2,0
147.9,39.0,6.9,27.8,0
65.6,17.1,46.0,24.8,0
120.5,62.0,24.7,24.8,1
208.2,62.2,16.6,14.5,1
254.3,100.0,29.3,17.2,1
89.1,58.3,58.3,10.8,1
94.4,62.6,23.6,12.4,0
88.0,52.6,57.6,14.7,1
105.9,35.4,16.7,19.8,1
143.5,36.0,8.1,12.6,1
86.6,59.6,11.1,19.8,0
244.5,63.1,46.9,19.1,1
221.6,94.4,33.2,13.2,1
75.2,46.8,35.8,29.2,1
74.8,37.8,58.1,12.1,1
48.9,37.5,31.3,26.7,1
110.1,53.1,8.8,6.5,0
56.0,31.6,43.7,19.1,0
47.0,48.8,14.1,12.8,0
108.3,63.8,35.7,16.1,1
26.6,28.5,51.6,30.9,0
145.2,49.1,29.7,17.9,0
111.5,63.5,20.2,13.4,1
213.9,49.2,35.4,22.9,0
90.3,47.9,9.4,17.9,0
124.2,59.9,19.8,20.9,1
135.9,44.0,31.2,14.5,1
172.5,74.8,16.7,14.8,1
82.9,40.4,4.3,15.3,0
48.6,25.6,35.9,24.8,0
91.9,54.5,25.3,18.6,1
145.1,43.3,24.7,13.7,0
158.7,70.1,59.8,21.0,1
13.3,5.0,8.5,20.5,0
400.0,100.0,10.9,23.4,1
47.2,32.3,52.8,17.1,1
125.7,45.0,9.6,19.5,0
186.0,71.2,55.2,22.5,1
69.9,36.5,41.0,13.9,0
163.1,73.4,32.6,25.3,1
13.1,30.0,18.1,20.1,0
167.2,67.2,22.8,13.4,1
153.3,61.8,49.9,13.3,1
100.6,39.5,5.3,19.4,1
145.4,52.7,46.6,16.7,0
225.7,79.4,50.0,24.5,1
190.0,65.4,42.9,18.3,1
73.1,51.6,5.2,21.8,0
91.2,43.9,45.1,14.9,0
63.6,40.4,43.9,19.9,0
57.2,17.5,2.8,27.9,0
135.3,65.1,53.8,19.1,1
63.1,28.8,9.7,16.7,0
135.1,41.3,57.7,14.8,0
69.8,57.2,6.1,19.9,0
78.1,47.9,15.8,28.5,0
36.7,40.9,42.0,11.8,1
132.6,58.6,10.0,19.7,0
12.2,21.9,12.7,9.7,0
171.6,59.5,2.6,17.5,0
309.0,100.0,49.9,21.6,1
80.2,53.6,4.2,10.5,0
77.4,38.5,38.7,17.3,0
17.5,49.2,35.8,21.7,0
49.7,30.1,31.7,20.8,0
146.6,39.9,23.8,22.0,0
161.3,39.7,19.4,14.2,1
88.1,21.8,57.5,21.7,0
140.5,50.2,47.6,16.4,1
37.3,26.6,55.5,24.3,0
103.9,54.2,44.6,6.1,1
202.4,70.3,50.1,18.3,1
119.0,59.9,57.9,20.6,1
223.4,76.4,28.3,28.1,1
228.0,77.2,54.6,20.5,0
108.9,40.3,4.5,21.1,0
0.6,37.2,8.3,22.3,0
159.0,41.4,30.4,27.5,1
24.1,29.6,28.3,17.7,0
3.1,18.6,27.4,11.6,0
10.2,31.9,33.2,10.4,0
166.8,61.5,33.2,24.0,1
109.5,47.5,52.5,21.3,0
89.9,39.3,22.1,18.5,0
117.3,66.0,20.3,16.5,1
11.0,22.8,42.7,21.1,0
63.4,59.5,39.6,21.3,0
43.2,34.1,50.1,22.9,0
84.7,41.4,19.9,13.3,0
87.1,40.0,2.4,9.4,0
113.7,55.2,56.8,14.5,1
126.4,44.5,4.6,11.9,0
11.7,24.7,41.4,11.6,0
64.1,36.1,20.7,29.4,0
76.2,42.9,26.6,6.4,0
23.4,30.1,50.6,22.8,0
21.0,30.1,26.3,25.4,0
17.9,25.6,10.4,25.9,0
139.9,73.8,45.8,21.7,0
14.3,28.6,3.2,27.9,0
17.2,55.6,17.9,30.7,0
82.0,41.1,33.2,18.2,0
103.6,57.4,27.4,22.7,0
74.3,29.9,38.0,27.7,0
28.3,43.9,24.1,14.8,0
21.4,16.9,24.7,18.5,0
80.3,45.5,22.2,16.2,0
68.0,33.8,53.5,22.8,0
54.7,39.1,3.0,8.6,0
135.6,51.1,56.5,28.6,0
64.4,26.6,22.8,23.2,0
19.5,21.6,23.2,23.5,0
54.9,52.2,44.1,5.8,0
112.4,53.7,24.5,13.8,0
61.3,19.9,37.8,28.9,0
110.9,60.9,54.4,18.9,1
127.3,41.1,51.1,9.7,1
64.6,45.1,31.9,21.3,0
74.0,45.1,43.6,24.1,0
58.1,41.9,24.8,23.2,1
112.7,70.4,47.0,19.1,1
56.6,24.2,11.9,26.8,0
104.8,53.5,4.6,15.8,0
88.2,57.2,33.4,23.2,0
10.1,14.8,14.5,20.8,0
109.0,38.3,44.3,19.2,0
82.0,37.1,7.9,17.7,0
176.3,68.0,2.5,17.9,1
24.6,9.2,41.2,20.2,0
89.3,48.9,31.0,18.2,0
50.1,15.6,57.2,24.4,0
11.6,38.4,16.4,16.8,0
7.6,28.1,9.1,29.4,0
201.2,93.2,3.3,16.5,1
89.5,50.4,27.8,25.5,0
62.8,32.1,7.8,25.8,0
15.9,14.4,47.0,21.0,0
193.1,71.1,6.2,20.5,1
39.4,29.5,55.4,15.6,1
92.7,57.4,33.4,16.9,0
79.6,28.7,42.4,21.3,0
256.4,100.0,9.6,19.7,1
72.6,53.5,7.2,27.1,0
47.4,29.4,22.5,17.3,0
90.5,64.2,32.2,17.6,0
98.0,35.1,35.4,10.0,0
378.0,100.0,21.1,23.9,0
71.7,22.6,17.8,23.3,0
23.7,48.1,58.9,25.9,1
54.7,13.9,17.8,26.2,0
90.3,25.3,10.0,24.7,0
103.1,38.1,22.8,25.0,1
14.3,39.4,19.6,23.7,0
49.3,43.8,26.5,24.6,0
246.4,83.1,38.2,8.9,1
32.6,40.4,37.0,13.4,0
137.8,53.1,42.5,12.4,1
56.2,39.1,11.1,27.6,0
75.0,58.6,4.7,15.3,0
16.4,21.2,47.9,16.3,0
60.9,26.0,14.6,20.0,0
89.5,48.0,20.3,12.5,0
72.4,47.0,28.4,22.3,0
64.0,37.3,43.5,7.2,1
113.1,60.3,11.5,12.9,0
21.4,22.9,54.3,21.2,1
92.7,44.7,20.6,12.6,0
6.8,26.2,59.0,27.8,1
165.5,64.8,18.6,20.3,0
65.8,55.8,44.1,26.8,1
131.4,57.3,23.8,22.1,1
1.7,16.8,50.5,19.9,0
118.4,55.9,28.8,14.0,0
38.1,41.6,52.5,25.6,0
75.4,48.1,45.7,22.6,0
119.7,58.6,36.0,32.5,0
70.0,19.5,16.5,25.0,0
109.7,17.5,17.1,17.6,1
56.9,49.5,59.5,21.7,1
174.6,68.9,55.7,22.5,1
65.6,36.2,10.0,27.0,0
66.7,45.0,13.8,27.9,0
67.7,60.1,8.2,19.0,0
73.8,55.4,13.7,12.7,0
22.5,37.2,18.8,8.9,0
31.6,17.3,50.6,13.2,1
145.2,47.2,7.5,16.4,0
131.3,24.2,53.2,29.0,0
125.4,59.0,58.4,29.1,1
102.5,58.9,18.3,25.8,0
48.3,46.4,28.5,27.4,0
44.1,39.1,32.7,15.8,0
71.4,36.0,13.9,10.9,0
161.2,53.5,44.4,14.0,0
85.7,31.5,35.6,7.8,0
30.1,25.6,8.5,13.3,0
17.9,12.7,54.0,17.0,0
134.2,74.6,19.5,21.0,0
196.6,53.5,11.1,20.8,0
13.4,21.0,58.9,15.9,0
137.4,31.1,8.0,23.4,0
100.7,48.7,5.5,16.0,1
37.0,29.2,15.8,20.1,0
86.6,37.4,20.5,13.3,0
25.6,15.2,27.2,26.5,0
61.7,35.5,41.7,20.1,0
74.5,32.1,23.2,24.1,1
173.4,61.7,34.4,12.7,0
59.3,58.3,2.3,21.0,1
40.7,32.2,24.3,23.4,0
95.2,50.2,56.8,7.7,1
111.8,42.4,46.9,27.0,1
39.4,20.4,45.0,12.5,0
29.0,27.0,19.7,21.3,0
31.4,57.9,30.3,30.7,0
173.8,60.0,51.0,25.7,1
108.3,51.4,53.0,11.1,0
56.1,24.1,43.2,18.9,0
154.3,25.5,28.5,27.4,1
39.1,20.3,6.2,15.1,1
69.2,65.9,8.9,17.8,0
25.2,33.4,2.0,17.7,0
149.7,77.1,22.8,23.4,0
36.4,24.9,3.4,10.8,0
37.1,5.0,27.2,23.8,0
96.8,30.9,36.7,16.3,1
5.9,26.2,36.6,19.9,0
20.0,27.8,34.2,18.7,0
122.6,50.5,15.1,23.6,0
31.0,21.4,32.1,19.9,0
312.3,100.0,58.8,28.6,1
83.2,34.8,27.8,25.9,0
12.3,26.8,52.7,15.2,0
203.3,73.2,24.1,28.2,1
83.1,36.4,38.1,21.9,1
63.0,25.2,29.9,21.0,0
82.9,35.6,41.9,25.1,1
12.2,45.5,54.0,13.8,0
71.0,51.1,27.6,11.7,0
33.1,40.5,45.9,20.1,1
67.6,27.5,53.2,16.4,1
49.4,15.1,47.8,32.4,0
79.7,53.1,3.4,15.4,0
56.1,44.9,2.0,20.2,0
46.8,33.3,53.2,21.2,0
29.8,23.0,44.3,27.4,1
12.9,5.7,57.6,14.0,0
9.8,32.9,19.0,10.3,0
20.7,39.4,47.7,28.4,0
115.9,40.8,48.5,20.5,0
28.2,17.9,51.7,24.9,0
40.3,45.0,42.1,25.1,0
40.7,22.5,10.0,26.2,0
50.1,53.9,41.5,17.7,1
101.9,44.2,37.1,16.1,0
55.6,29.3,21.4,8.0,0
131.7,53.5,14.1,14.0,1
21.0,20.6,53.3,20.4,0
122.1,64.0,10.2,15.8,0
187.2,77.4,26.5,13.2,1
70.3,50.6,38.1,20.3,1
26.2,28.8,58.4,28.1,0
103.3,40.4,40.9,19.7,0
71.3,37.7,19.7,13.2,0
90.4,37.5,5.5,27.6,0
134.5,71.2,20.4,15.4,0
52.1,45.1,19.0,28.9,0
45.4,30.3,49.5,18.4,0
353.1,97.2,23.8,20.6,1
104.3,64.6,7.7,29.4,0
151.2,59.5,52.5,11.9,1
129.0,50.7,3.0,13.7,0
152.6,76.7,2.2,18.0,0
92.7,37.1,29.5,19.2,0
139.9,51.1,6.0,35.9,0
40.5,27.4,12.3,14.7,0
12.5,7.3,59.1,12.2,0
31.8,31.7,51.0,14.4,1
63.3,26.7,46.3,21.4,0
56.8,27.3,40.9,23.0,0
71.6,29.4,4.8,15.8,0
38.5,22.6,50.5,20.1,1
7.1,11.7,29.3,31.7,0
50.9,35.7,7.7,20.2,0
18.3,22.7,19.4,21.9,0
69.2,37.9,31.1,31.3,0
96.0,72.2,2.8,15.8,0
50.1,30.7,16.6,15.4,0
24.6,33.4,21.5,17.2,0
74.5,47.2,28.9,16.8,1
365.9,100.0,2.1,9.1,1
104.3,49.4,34.8,20.8,0
110.0,47.8,13.5,21.3,0
45.8,33.9,36.6,18.9,1
34.1,21.5,15.9,21.5,0
152.8,52.3,25.4,21.5,1
4.0,21.2,38.2,12.1,0
37.4,5.7,40.1,21.7,0
216.4,92.1,3.8,23.4,1
65.9,62.4,33.0,10.4,1
14.5,25.7,49.4,28.8,0
98.1,52.5,14.0,12.6,0
50.4,45.6,32.9,13.2,0
10.9,6.8,28.0,21.2,0
84.8,52.3,51.3,23.2,1
75.4,33.7,27.4,24.7,0
72.1,65.5,56.7,23.4,1
103.2,43.5,39.8,16.9,0
23.0,36.7,34.6,20.7,0
91.3,40.7,18.9,18.1,0
79.7,66.3,36.6,21.0,0
150.6,51.5,9.6,20.4,0
36.9,43.2,26.1,17.0,0
169.3,69.8,18.5,17.9,0
127.4,56.7,40.9,8.9,1
63.8,38.7,46.3,25.0,1
72.1,30.0,55.9,21.8,0
4.6,5.0,14.9,6.2,0
70.5,50.5,53.3,24.8,1
121.2,44.4,51.1,19.7,1
56.1,48.1,52.0,14.4,1
150.3,61.8,44.9,13.8,1
99.4,59.2,17.5,15.9,0
261.4,95.0,52.9,14.4,1
39.3,5.0,36.8,15.2,0
113.0,55.6,45.0,30.2,1
18.8,20.6,13.9,22.2,0
60.4,49.1,11.1,32.2,0
103.7,53.0,18.1,21.4,0
118.1,56.8,31.7,23.5,1
52.6,29.9,26.2,14.7,0
161.8,49.5,53.5,19.0,0
186.3,61.4,2.8,19.5,0
39.7,8.3,6.6,23.7,0
62.0,28.4,20.9,19.7,0
56.8,16.6,11.7,22.1,0
45.7,14.2,25.6,21.9,0
178.4,66.0,43.6,18.2,1
177.0,70.7,59.6,17.6,1
58.4,34.2,13.7,16.0,0
112.6,42.2,17.4,26.5,0
149.1,45.9,46.6,18.2,1
85.6,37.6,17.8,22.0,0
54.8,23.8,42.8,19.1,0
37.2,28.6,35.8,26.4,0
120.4,31.8,51.6,8.1,0
20.6,33.6,3.9,21.8,0
56.1,27.2,58.8,12.5,0
48.3,36.6,57.9,22.3,0
19.2,35.5,3.3,19.1,0
66.0,40.4,31.0,11.1,1
60.9,44.8,25.3,22.0,0
30.5,5.0,16.7,21.3,0
173.8,57.5,58.7,18.6,1
121.0,63.5,12.1,19.4,0
73.0,44.4,17.3,21.0,1
134.4,75.8,2.5,27.1,0
157.3,79.8,35.7,18.1,1
179.2,68.4,51.9,26.1,1
39.1,26.8,38.1,19.8,0
134.4,42.1,39.8,27.8,1
61.1,29.6,5.8,18.6,0
83.4,36.0,43.5,16.0,1
40.9,23.1,25.7,13.4,0
70.3,26.6,29.5,19.8,0
135.8,58.8,35.9,15.2,0
210.7,93.0,58.6,28.4,1
65.0,47.4,45.4,14.8,1
31.4,24.0,41.7,15.9,0
232.1,90.2,27.0,23.5,1
37.8,33.6,4.0,27.1,1
12.9,22.7,33.2,24.4,0
43.9,29.7,40.3,26.4,1
152.0,55.6,42.8,19.5,1
35.5,36.7,37.3,19.6,0
24.1,27.7,19.4,32.1,0
77.6,30.6,14.8,30.1,0
210.8,63.4,7.2,24.3,1
100.7,48.9,42.8,26.6,0
20.2,30.2,58.3,25.2,0
287.3,88.1,32.5,12.8,1
92.1,29.4,41.0,19.8,0
141.4,70.4,42.2,29.0,1
15.8,36.4,11.4,24.3,0
255.5,60.0,13.1,19.6,0
51.7,49.0,14.1,29.1,0
14.4,21.1,56.1,22.2,0
84.8,43.5,2.9,24.5,0
141.3,69.0,33.4,22.2,0
112.2,67.9,23.9,23.2,0
110.7,59.7,40.2,23.7,1
105.0,49.1,14.8,27.8,0
79.1,23.3,57.7,28.6,0
15.8,5.0,21.2,17.3,0
60.4,45.6,55.7,22.1,0
53.8,49.5,36.2,27.6,0
179.7,55.2,26.0,19.2,1
152.1,54.8,44.6,12.1,1
48.0,25.3,34.1,14.5,0
125.9,44.5,10.0,15.0,0
67.6,49.8,42.9,17.3,1
12.9,25.9,35.6,15.5,0
4.7,18.4,34.8,26.2,0
115.3,80.7,44.8,18.3,1
27.2,9.6,39.9,27.6,0
27.1,33.4,23.2,13.2,0
38.7,17.1,20.5,17.9,0
117.2,47.4,16.5,20.6,1
153.6,60.2,35.4,24.9,0
151.3,68.0,19.4,26.9,1
11.2,19.7,9.0,16.8,0
37.2,24.9,47.4,26.0,0
31.9,24.6,14.1,9.9,0
117.1,36.3,11.6,25.2,0
37.8,37.0,51.2,12.0,0
63.7,39.3,42.7,22.7,0
124.8,56.4,46.4,26.8,1
73.9,37.6,22.3,25.3,0
91.8,40.6,37.8,10.2,1
61.9,49.6,56.1,17.3,1
142.6,67.9,18.4,24.3,1
152.7,75.2,6.0,24.1,1
104.9,50.7,11.9,21.7,0
153.1,74.5,54.1,6.8,1
350.7,100.0,18.3,27.2,1
123.3,48.4,30.5,28.3,1
69.4,51.7,33.0,21.0,0
93.4,53.5,57.7,21.4,1
164.0,57.5,19.5,23.0,0
51.2,20.2,32.2,28.8,0
47.7,29.5,57.6,21.5,1
92.2,34.8,13.7,18.9,0
68.4,57.8,36.7,22.3,0
31.6,37.0,5.7,19.9,0
81.8,31.3,17.3,20.0,0
187.7,54.4,6.0,9.4,0
102.4,36.3,21.1,23.1,1
25.9,19.8,14.0,27.0,0
114.6,46.6,48.3,26.1,0
57.7,47.8,28.9,25.7,0
276.7,77.6,25.5,19.7,1
108.1,74.5,42.2,20.9,0
43.6,19.6,56.9,27.1,0
120.8,33.3,19.5,25.2,0
86.3,61.8,5.9,28.9,0
175.5,79.7,8.4,16.0,0
47.5,29.7,51.7,15.9,0
107.9,51.6,51.1,18.0,1
15.8,28.8,29.6,14.3,0
79.1,41.4,10.6,12.1,0
25.2,10.7,32.5,22.8,0
84.2,11.3,40.8,22.4,1
98.7,34.5,21.3,21.5,0
104.9,68.0,6.8,22.1,0
47.5,54.1,20.7,11.2,0
81.0,37.1,42.1,17.1,0
160.8,48.7,58.7,18.2,1
226.4,79.9,13.0,20.3,1
83.1,46.0,55.0,11.2,1
163.8,68.2,28.5,14.4,1
34.3,5.0,40.5,17.4,0
53.9,71.4,52.1,26.3,1
90.1,56.1,34.3,21.6,1
68.7,34.8,5.6,26.1,0
63.2,27.2,17.4,19.3,0
152.2,69.9,48.6,20.0,1
29.3,33.3,34.1,23.0,0
32.2,29.2,21.1,18.9,0
21.3,30.8,35.8,16.3,0
92.2,41.7,17.6,11.1,0
57.6,39.2,16.0,16.4,0
142.0,64.2,50.0,25.0,1
86.4,45.7,25.2,27.6,1
46.5,35.1,17.9,15.4,0
40.6,46.9,25.7,9.6,0
65.5,17.2,55.4,25.6,0
25.5,16.8,12.5,20.4,0
154.7,59.0,12.7,11.9,0
55.3,25.1,22.5,1.3,0
17.7,19.7,5.5,14.2,0
176.2,79.5,6.3,17.2,1
66.3,34.8,2.6,13.1,1
114.1,26.6,10.5,24.2,0
47.1,26.7,39.1,15.1,0
180.4,65.8,13.4,20.1,1
35.9,29.5,23.9,34.2,0
57.6,41.1,42.9,20.7,1
12.0,28.7,3.8,19.3,0
177.4,62.7,14.1,19.4,0
42.2,16.2,59.8,24.0,0
93.8,38.2,36.6,23.3,1
103.8,38.5,40.3,14.0,0
158.0,56.1,31.9,17.5,0
88.6,50.5,58.0,16.0,0
69.4,42.2,10.4,18.3,0
146.9,66.6,5.9,31.0,0
102.5,41.0,49.3,23.7,0
61.2,53.4,2.2,19.5,0
182.9,73.8,34.6,27.5,1
108.4,48.4,2.1,21.1,0
23.4,33.1,22.2,10.2,0
205.6,63.3,39.8,30.0,1
46.1,6.2,33.7,19.1,0
157.5,52.1,34.5,6.5,0
18.0,33.5,11.1,10.4,0
146.3,57.5,19.1,26.8,0
24.9,24.6,43.2,10.5,1
86.9,31.5,3.4,28.1,0
106.2,23.1,36.5,20.5,0
62.3,52.7,32.0,24.3,1
76.0,36.5,21.9,18.5,0
30.3,22.4,21.4,23.1,0
135.8,45.9,48.3,21.9,0
90.4,57.6,24.2,19.8,0
35.7,39.5,6.6,13.6,0
92.9,31.6,57.8,22.2,0
95.1,57.7,9.6,9.1,0
78.8,38.0,48.3,25.6,0
4.8,13.9,2.8,21.2,0
55.3,30.3,23.1,22.8,0
134.4,44.2,31.9,4.3,0
110.5,31.8,3.7,13.2,1
108.2,56.4,44.6,17.0,0
89.9,39.8,17.1,24.0,0
145.4,63.8,33.4,14.3,1
45.8,34.9,48.0,35.3,0
37.8,36.0,36.3,18.4,1
240.6,55.6,28.4,13.9,1
41.8,20.0,21.5,18.9,0
22.6,32.5,4.6,14.3,0
61.4,20.1,55.0,12.9,0
81.0,44.7,36.3,26.1,0
146.0,39.8,38.6,23.1,1
55.4,34.0,27.5,23.1,0
55.0,53.1,23.6,27.7,0
75.4,48.1,4.7,22.9,0
47.8,9.7,11.8,13.6,0
18.2,34.7,26.7,24.3,0
24.4,48.0,16.0,13.2,0
173.6,97.0,4.6,17.1,1
124.9,56.9,33.7,19.7,1
73.4,22.0,28.9,19.1,0
110.3,52.8,26.4,9.3,0
127.6,71.0,47.5,14.2,1
43.7,28.7,36.8,19.9,0
30.0,40.0,2.1,16.3,0
161.6,50.3,46.2,26.8,1
6.8,26.2,30.0,27.8,0
111.5,18.0,32.0,13.3,0
86.0,30.1,53.6,20.4,1
150.7,57.6,8.3,29.5,1
114.5,44.3,36.8,19.2,1
109.8,31.8,18.4,17.6,1
33.0,22.2,4.1,25.2,0
131.0,56.7,27.4,18.4,0
101.9,44.4,18.4,27.6,1
37.1,30.0,2.1,16.4,0
86.6,50.4,30.6,17.2,1
26.8,22.6,20.0,24.7,0
65.6,52.7,27.2,20.6,1
306.7,84.8,2.7,20.7,1
31.3,51.0,25.3,8.5,0
18.0,37.9,29.3,17.9,0
24.7,21.9,29.0,25.2,0
64.9,32.8,43.6,15.3,0
120.5,52.6,59.5,24.2,1
77.1,46.5,3.6,21.6,1
20.9,38.4,25.0,18.8,0
119.4,33.8,51.7,28.1,1
10.4,27.8,38.3,18.0,0
23.3,5.0,59.0,18.4,0
46.1,29.4,43.4,18.7,1
157.7,76.9,44.0,20.5,1
79.5,22.9,6.4,24.6,0
81.9,21.3,18.0,11.2,0
21.2,28.0,35.9,25.2,0
50.2,49.2,32.3,20.4,1
142.1,59.4,46.2,23.3,0
97.1,21.4,59.6,34.4,0
122.5,30.4,14.0,16.9,0
73.0,39.4,26.8,12.7,0
143.2,41.7,52.3,21.2,0
21.1,26.9,50.6,22.1,0
63.7,38.3,49.4,25.2,0
108.0,41.1,38.0,16.8,0
14.6,45.4,59.6,15.0,0
3.1,27.9,22.8,10.8,0
240.8,94.7,8.7,11.8,1
80.3,51.1,9.7,17.5,0
12.9,21.4,27.3,19.3,0
78.8,37.4,48.7,32.4,0
23.7,22.3,28.3,9.8,0
33.0,36.4,37.5,22.0,1
161.4,52.5,22.8,15.6,1
47.1,52.5,43.5,21.3,0
46.8,22.8,10.9,16.7,0
22.9,28.3,32.2,26.2,0
56.0,31.3,12.7,26.2,0
84.4,35.7,29.2,19.3,0
47.1,57.8,27.0,28.6,0
283.3,85.6,37.1,24.6,1
28.9,23.6,31.6,28.4,1
28.8,19.2,58.6,19.7,1
54.1,34.0,54.2,25.7,0
261.1,84.1,19.1,15.4,1
124.0,37.6,9.0,14.8,0
45.8,26.3,5.8,33.1,0
45.8,38.8,13.5,13.5,0
27.9,39.3,14.9,17.4,0
52.8,33.5,53.5,8.6,0
62.2,36.3,55.6,14.9,0
119.9,45.6,15.4,14.0,1
102.4,39.6,46.0,16.0,0
51.4,21.8,50.5,21.8,0
198.7,51.0,23.9,23.2,1
40.5,21.7,52.6,14.0,1
17.6,35.3,59.3,15.3,0
87.4,36.8,58.1,26.5,0
153.2,54.2,45.0,30.2,0
70.8,33.3,23.6,27.5,0
22.0,40.4,15.2,10.1,0
82.1,29.4,59.6,27.1,0
90.1,45.9,18.0,31.1,0
97.3,43.5,27.4,9.8,0
83.4,41.7,17.3,26.5,0
167.5,64.8,30.8,21.4,0
27.2,27.5,8.4,18.0,0
1.3,29.8,48.9,20.6,0
10.4,22.2,31.3,22.7,1
21.7,46.3,26.3,26.9,0
135.0,54.3,23.1,26.6,1
56.0,13.6,35.6,11.0,0
209.4,80.0,47.2,16.1,1
25.3,31.0,54.3,20.6,0
206.6,72.0,50.8,29.4,1
33.3,25.2,27.8,3.6,0
62.2,10.2,50.4,16.3,0
13.1,5.0,32.7,10.8,0
188.1,86.8,39.0,11.8,1
69.2,30.3,41.1,25.9,0
291.8,100.0,25.2,16.8,1
158.2,40.3,30.2,6.0,0
60.9,22.7,42.2,19.0,0
38.4,37.7,19.9,32.2,0
139.3,53.6,45.3,9.2,1
75.0,45.2,22.5,23.2,0
36.6,29.0,36.0,29.4,0
79.3,37.3,50.6,19.7,0
8.4,13.9,3.3,31.6,0
98.7,30.4,15.9,16.0,0
113.1,65.1,34.5,28.7,1
24.4,44.9,8.2,27.3,0
170.6,50.2,13.9,19.8,0
146.2,43.3,45.4,11.1,1
92.1,38.9,3.5,14.0,0
31.1,31.8,37.4,5.9,0
118.0,47.3,4.0,23.6,0
53.5,39.4,8.7,22.8,0
85.0,40.7,24.6,20.5,0
126.3,50.2,58.0,19.3,1
18.0,53.5,33.7,28.1,0
12.4,16.8,20.1,21.8,0
49.1,52.0,25.9,16.7,1
259.2,100.0,35.0,20.9,1
299.9,100.0,37.9,32.3,1
97.1,21.2,17.5,23.7,0
149.1,57.6,13.4,17.7,0
71.5,31.7,30.7,19.7,0
79.4,40.1,39.4,22.8,0
62.1,22.8,49.4,17.5,1
161.9,69.6,36.4,16.9,1
211.1,84.6,42.2,19.9,1
77.9,53.5,30.1,29.1,0
79.1,35.2,34.9,24.7,1
64.7,23.5,38.9,17.5,0
214.7,77.9,15.7,25.2,0
136.2,75.1,56.2,20.1,1
30.4,28.4,22.0,22.1,1
253.9,88.9,37.1,21.5,1
4.5,18.3,34.5,7.3,0
200.3,64.0,51.5,1.7,1
152.9,66.1,8.6,21.4,1
78.1,38.3,53.3,14.9,1
76.6,44.0,9.9,10.2,0
67.4,42.9,10.4,15.1,0
31.8,32.1,52.0,25.5,0
240.5,86.8,16.9,22.1,1
74.8,28.5,37.5,24.6,1
31.2,16.8,28.9,22.7,0
230.7,77.2,56.2,14.5,1
105.3,46.1,47.4,24.7,0
110.0,41.2,21.4,23.5,0
266.4,89.5,49.2,19.3,1
121.3,61.2,15.1,20.4,0
43.9,45.2,37.7,24.8,0
121.2,67.2,45.6,15.5,1
34.6,12.9,42.8,26.5,0
51.5,18.9,40.1,23.4,0
94.7,40.2,50.1,20.0,0
147.5,57.8,34.3,29.2,1
46.2,28.7,55.8,12.2,0
65.8,29.8,10.4,17.2,0
65.3,32.7,22.6,15.9,0
165.8,67.2,47.4,22.1,1
76.6,23.2,19.9,27.1,0
251.7,100.0,27.7,14.1,1
51.5,33.1,46.8,39.8,1
48.0,44.6,33.2,16.0,1
197.8,62.5,12.9,22.2,1
114.1,55.4,12.1,20.0,0
192.8,69.4,19.5,20.3,0
23.5,36.2,19.6,15.2,1
75.1,36.4,9.9,26.4,0
94.6,62.3,50.4,14.9,1
89.7,24.5,18.4,9.4,0
66.7,48.1,48.5,13.3,1
88.3,43.5,58.5,28.7,1
91.9,30.8,21.3,27.5,0
46.8,55.1,58.3,8.0,1
161.1,82.5,13.1,24.9,0
232.6,53.3,39.6,8.1,1
128.7,54.3,59.5,19.8,1
102.8,54.2,48.9,12.8,0
71.4,43.2,15.3,25.3,0
94.1,61.7,16.9,23.3,0
101.3,61.0,17.2,25.9,1
31.9,31.2,56.7,18.2,1
155.6,86.2,16.2,18.9,1
54.5,44.9,31.6,11.0,0
205.0,67.0,22.3,13.8,0
86.1,34.9,23.0,25.7,0
157.5,74.3,25.7,22.2,1
127.3,42.3,22.0,20.6,1
23.8,21.0,36.8,27.6,0
192.7,65.3,26.7,12.2,1
40.2,34.3,27.6,24.3,1
51.4,30.5,31.3,12.9,0
55.3,18.0,22.7,28.9,0
15.7,37.9,45.8,23.3,0
89.2,37.4,31.2,25.8,0
164.4,85.3,31.5,15.8,0
201.6,74.1,14.2,33.1,1
66.7,51.9,3.8,32.0,0
76.0,46.6,48.9,22.6,1
133.6,69.2,51.6,27.1,1
68.2,43.9,16.0,18.2,0
174.7,66.5,22.9,12.4,1
73.2,51.4,22.8,24.8,0
35.4,58.7,41.7,14.5,1
90.9,39.5,12.9,27.9,0
19.2,34.3,58.8,26.3,0
90.0,42.4,5.6,21.4,0
103.1,51.9,58.5,21.1,1
40.3,30.6,6.0,25.9,0
100.2,19.2,20.4,21.6,0
61.8,33.0,16.5,17.6,0
38.9,41.7,17.1,10.9,0
16.5,14.9,59.7,25.8,0
21.5,36.4,28.6,22.2,0
219.3,77.0,8.9,36.5,1
59.8,32.6,59.0,19.4,0
101.3,56.2,16.1,21.8,0
66.3,44.7,6.2,22.0,0
222.9,80.8,3.4,23.9,1
39.0,41.9,28.9,14.2,0
81.2,42.7,55.3,19.5,0
51.2,13.1,3.0,25.0,0
156.3,54.5,44.1,18.0,0
100.5,23.5,17.1,24.7,0
78.9,47.6,14.7,20.6,0
24.6,36.9,42.8,22.4,0
290.8,100.0,45.4,26.9,1
67.8,42.8,34.4,18.6,0
33.4,40.0,13.7,11.3,0
16.5,5.2,2.4,18.4,0
20.8,23.9,44.8,15.0,0
78.3,22.6,36.8,7.2,0
158.0,55.2,26.5,19.4,1
95.6,63.3,14.4,21.2,0
17.6,37.5,46.2,26.1,0
78.2,47.5,6.1,13.2,0
191.6,65.7,39.3,20.5,1
58.1,22.6,41.9,26.8,0
95.9,46.2,14.9,16.6,1
60.2,48.4,30.0,23.2,1
111.8,52.9,32.2,29.6,0
38.5,10.6,36.3,8.8,0
0.8,21.5,54.3,21.6,0
26.0,5.0,33.7,27.0,0
52.2,42.7,5.9,17.9,1
72.2,29.7,22.0,28.3,0
54.0,18.8,38.4,23.8,0
53.1,43.1,21.3,30.6,0
158.9,66.4,46.5,23.5,1
30.3,30.4,13.0,31.1,0
78.6,65.9,10.3,21.8,0
18.9,32.3,15.4,11.8,0
128.7,44.4,52.8,16.2,0
93.8,49.7,41.5,26.1,1
287.0,88.3,32.2,26.0,1
29.2,42.5,19.4,18.1,0
230.2,80.9,55.3,30.8,1
33.1,32.8,53.5,17.9,0
57.7,17.1,25.2,22.8,0
22.3,26.3,45.7,22.6,0
284.5,90.5,55.0,12.0,1
104.6,33.9,20.2,19.3,1
105.4,43.7,21.1,34.3,0
36.0,34.2,33.7,14.5,0
5.3,21.3,25.7,23.8,0
55.8,17.0,46.2,13.1,0
47.3,28.6,33.1,14.4,0
11.1,17.2,14.3,11.5,0
58.9,37.0,22.7,25.6,0
78.7,40.7,40.9,14.8,0
109.9,42.5,5.1,27.6,0
6.5,16.2,21.8,16.8,0
23.8,26.7,2.9,20.8,0
37.2,40.8,49.6,22.5,0
163.8,64.3,8.8,10.3,0
161.7,77.5,6.5,21.2,0
100.4,58.7,47.6,22.1,1
58.0,52.5,7.2,26.8,0
170.9,79.2,41.7,14.2,1
91.5,61.6,24.0,15.1,0
164.4,47.3,49.7,24.0,1
103.9,53.7,12.6,28.5,0
13.2,37.9,6.9,16.4,0
5.2,38.1,15.2,12.6,0
53.2,24.1,56.1,18.1,0
140.1,62.9,50.1,13.9,1
46.8,32.6,18.6,22.4,0
194.0,90.7,14.0,13.5,1
131.2,36.2,11.1,25.8,0
182.4,56.4,14.8,21.3,1
54.5,11.9,13.9,26.0,1
31.3,29.6,53.5,5.5,1
27.0,53.9,3.2,9.5,0
111.2,47.3,53.0,27.8,0
14.6,24.9,4.4,15.7,0
15.7,30.5,50.0,11.2,1
44.4,29.7,26.7,18.8,0
88.9,46.6,6.5,21.5,0
37.7,34.1,48.3,19.1,0
161.9,50.3,16.9,22.8,0
184.2,64.9,52.9,22.0,1
2.4,29.5,45.6,21.7,0
105.4,57.5,58.9,28.1,1
47.0,47.3,50.2,19.9,0
144.6,60.2,16.0,19.7,0
108.0,51.3,25.7,24.8,0
85.7,50.4,42.4,23.3,1
67.7,29.8,20.3,14.6,0
15.8,16.3,33.7,19.4,0
314.9,97.2,15.8,22.6,1
23.5,10.6,40.5,16.5,0
231.9,82.9,21.8,16.8,1
123.6,63.5,5.2,11.7,0
49.1,23.7,58.1,2.7,0
42.9,35.9,50.9,17.8,1
15.0,16.2,19.6,20.8,0
77.3,27.1,9.5,13.4,0
14.3,48.2,44.6,28.3,0
168.4,50.1,14.8,13.7,1
92.4,27.7,37.1,25.5,1
73.3,40.9,47.2,22.5,0
81.0,43.5,17.8,33.1,0
95.2,51.8,18.5,23.2,0
56.8,58.2,5.6,11.3,0
63.4,26.5,20.6,26.3,0
248.8,75.3,36.7,30.2,1
156.9,78.5,11.0,9.4,0
119.8,61.2,57.3,23.8,1
49.1,41.9,43.9,25.2,0
8.9,15.1,13.8,18.7,0
109.9,61.0,32.8,5.5,0
80.8,49.8,24.7,18.2,1
62.2,37.8,24.2,16.5,0
70.6,30.6,34.5,29.2,1
24.9,27.5,8.3,19.5,0
32.8,48.0,14.5,17.5,0
157.1,46.2,10.7,16.5,1
6.0,11.9,12.1,22.0,0
141.7,47.9,40.0,20.3,1
200.0,65.1,59.8,15.3,1
108.2,46.9,39.8,21.6,0
104.3,57.6,59.1,16.7,0
32.5,33.7,35.5,4.4,1
37.3,30.1,18.4,24.0,0
52.7,36.5,52.6,23.4,0
19.9,32.5,5.9,21.2,0
34.8,8.5,7.9,17.3,0
80.5,53.0,57.0,19.6,1
50.0,22.6,39.7,24.9,0
86.1,36.2,55.9,16.2,1
156.7,63.3,9.7,25.2,1
85.6,40.5,46.6,11.2,1
105.2,52.1,15.6,21.0,0
14.0,25.2,21.9,20.2,0
154.8,55.2,54.1,26.0,1
13.6,41.7,25.9,14.5,0
47.0,40.2,40.9,15.1,0
26.2,30.2,53.5,11.6,1
9.0,30.6,52.5,16.6,0
82.2,32.1,2.5,21.5,0
112.0,74.1,11.2,9.2,0
203.5,57.8,55.3,17.3,1
91.5,44.2,34.6,23.7,0
34.6,25.2,29.9,19.4,1
48.9,28.3,5.8,20.5,0
10.9,17.3,3.5,11.0,0
53.5,24.1,57.3,19.4,1
72.5,52.4,29.5,20.2,0
108.5,32.7,47.6,19.0,1
130.7,64.5,14.8,20.9,1
105.9,54.3,15.8,18.1,1
31.2,23.2,34.5,17.3,0
23.1,32.2,52.8,13.8,1
124.0,49.1,18.7,25.8,0
8.5,8.9,21.1,12.6,0
272.1,74.9,33.9,20.9,1
37.7,37.3,4.3,30.9,0
170.0,69.7,24.0,26.6,1
44.2,34.0,34.3,23.1,0
114.0,43.8,2.3,21.5,0
24.0,23.7,39.0,19.2,0
76.0,35.1,5.0,14.6,0
11.8,5.0,43.8,18.5,0
95.2,44.5,48.5,23.4,0
23.6,32.2,50.7,22.3,0
27.5,27.7,41.1,24.7,0
51.2,54.0,34.6,27.3,1
60.5,23.1,19.8,19.0,0
108.6,39.2,26.6,21.2,1
100.7,46.8,7.0,8.6,1
82.3,43.5,43.0,33.5,1
141.4,32.5,3.4,17.5,0
98.6,51.9,26.0,23.9,1
104.0,49.0,31.4,17.5,1
27.3,5.0,39.7,17.4,0
149.2,55.9,21.9,18.6,0
136.4,44.4,27.7,12.5,0
85.5,35.9,36.1,5.1,0
132.8,37.2,55.5,27.0,1
71.4,42.8,41.0,23.3,1
210.6,93.8,16.8,14.5,1
79.5,43.1,51.1,22.7,0
69.5,11.5,5.2,24.9,0
99.2,48.2,17.8,15.8,1
241.0,77.9,8.3,22.5,1
45.5,18.2,27.9,26.0,0
94.3,47.8,38.9,11.4,0
48.5,42.7,32.8,23.2,0
69.4,29.3,49.1,22.2,0
34.4,8.9,34.9,31.3,0
102.0,21.4,15.5,23.3,0
74.4,30.6,33.1,17.5,1
130.8,50.8,44.7,18.2,0
157.3,53.1,31.2,32.1,0
174.3,55.4,27.6,17.9,1
50.1,39.3,32.7,23.5,0
99.3,50.4,33.8,18.6,0
182.2,67.9,20.0,26.5,1
34.2,38.3,51.5,26.8,0
80.8,32.3,14.0,19.9,0
36.4,16.0,3.9,17.6,0
238.8,73.4,45.0,17.4,1
180.7,58.1,50.9,9.6,1
112.2,23.4,39.3,20.6,1
110.9,41.2,29.2,20.5,1
39.6,43.2,58.6,15.1,0
195.7,78.5,23.5,9.0,1
58.2,40.9,25.5,21.2,0
43.2,32.4,36.3,22.0,0
163.4,78.2,27.0,22.4,1
53.7,20.7,34.2,14.1,0
44.8,19.6,58.1,22.4,0
136.3,67.6,15.8,18.9,1
25.2,26.6,10.6,25.2,0
113.2,40.3,26.6,14.2,0
81.5,47.0,31.2,26.9,0
128.3,46.8,43.4,29.1,1
104.3,36.0,57.4,20.7,1
342.7,95.3,41.9,22.4,1
87.5,45.7,59.3,24.7,1
53.6,35.9,16.3,13.8,0
74.7,56.9,14.1,17.1,0
103.5,42.4,19.8,21.1,0
229.9,73.8,47.7,32.2,1
118.6,66.9,12.8,12.8,0
37.7,41.3,13.4,29.8,0
400.0,100.0,25.9,18.8,1
152.8,39.5,20.4,19.8,1
35.8,19.2,39.5,27.3,0
27.5,14.2,53.6,32.1,0
22.7,26.1,10.0,22.5,0
71.7,31.8,33.7,27.0,0
74.1,57.8,7.1,14.5,0
42.4,11.7,14.8,16.8,0
19.4,10.9,19.9,11.9,0
28.1,30.0,35.6,16.9,0
120.3,56.3,34.2,23.4,1
59.1,5.0,39.3,21.3,1
31.2,7.0,49.5,30.4,0
81.3,37.2,12.9,32.3,0
93.5,59.6,45.1,19.2,0
101.3,68.0,40.7,15.9,0
78.9,34.8,6.6,27.0,0
69.8,35.4,22.0,27.6,0
172.9,53.2,3.6,22.6,1
29.2,34.9,7.2,24.2,0
62.7,54.0,18.5,23.3,0
10.4,37.7,16.1,14.1,0
56.1,33.7,54.2,12.7,1
85.8,31.4,53.8,19.7,1
135.3,53.9,35.5,18.8,1
10.8,39.3,44.6,21.7,0
83.8,36.2,60.0,19.2,1
253.1,61.5,25.8,9.8,1
106.9,42.4,32.3,7.3,1
24.2,22.7,39.8,24.4,0
56.2,12.2,55.4,16.0,0
109.5,50.2,48.2,18.6,0
44.1,37.1,5.7,16.7,0
91.3,65.2,43.4,14.5,0
87.4,25.9,16.6,14.4,0
70.9,46.5,16.8,26.1,0
21.7,37.0,33.7,18.6,0
40.1,36.3,42.4,23.8,0
270.3,75.5,11.2,24.6,0
53.2,20.5,20.2,21.9,0
58.7,35.8,43.5,24.8,0
58.5,35.7,10.8,20.1,0
133.0,46.5,51.3,28.2,0
61.1,50.8,28.5,24.9,0
72.2,33.2,36.0,25.7,0
83.9,18.2,6.7,14.4,1
143.6,53.2,57.4,21.6,1
72.4,43.9,54.6,9.0,0
78.7,43.8,13.0,28.4,0
46.0,35.5,40.5,16.3,0
92.9,61.2,48.0,17.1,0
113.4,35.0,9.1,11.8,1
119.1,44.7,35.5,19.8,1
242.9,99.3,51.3,18.4,1
37.6,5.8,31.4,30.9,0
74.8,38.1,55.6,25.2,0
61.5,50.1,4.8,16.9,0
214.1,88.1,55.3,10.0,1
122.4,58.5,58.7,6.3,1
15.6,32.1,11.0,13.8,0
42.7,18.2,27.0,12.0,0
55.6,50.4,38.0,22.1,0
18.2,10.1,53.8,19.1,0
79.2,26.1,11.3,20.1,0
47.8,36.6,21.4,14.3,1
250.0,76.6,48.3,20.9,1
92.4,45.6,25.8,11.5,0
53.8,38.6,37.1,19.5,0
31.1,49.1,34.5,25.0,0
69.9,42.7,58.4,17.8,1
201.7,63.0,10.2,22.7,1
62.0,43.6,57.0,8.1,1
70.4,27.6,34.7,7.7,0
157.6,70.4,54.4,22.0,1
90.4,43.4,8.8,26.3,0
131.1,57.6,39.2,18.6,1
97.2,22.9,50.7,32.9,0
93.3,16.3,47.6,11.3,1
14.7,5.6,2.6,15.9,0
27.1,47.7,28.2,20.8,0
83.3,27.1,8.7,22.8,0
33.8,37.2,10.9,16.5,0
69.9,29.8,43.0,13.6,0
24.8,23.3,57.5,23.7,0
158.5,59.1,38.8,20.8,0
37.6,49.1,7.9,17.9,0
31.0,34.8,16.2,23.0,0
19.5,29.5,24.0,19.2,0
118.1,65.1,9.3,19.2,0
69.9,29.9,51.2,18.9,1
154.5,71.4,13.3,15.1,0
46.3,42.4,9.5,14.5,0
26.4,37.3,44.1,16.8,0
67.4,35.0,9.4,20.2,0
176.1,58.8,25.8,8.8,0
14.3,13.1,31.9,25.7,0
88.9,32.5,6.7,20.1,0
95.7,32.9,34.2,13.6,0
196.1,73.4,29.8,29.7,1
35.1,26.0,40.8,20.3,0
13.2,28.5,14.7,12.0,0
50.3,38.4,22.7,29.4,0
129.8,39.7,40.3,28.1,1
73.4,25.3,4.1,14.5,0
103.2,43.1,8.7,18.1,0
28.1,17.7,18.4,17.3,0
59.1,24.2,8.2,8.7,0
75.5,59.2,4.3,21.9,0
16.7,5.8,59.3,25.1,0
75.2,63.1,28.4,23.9,0
54.7,37.1,33.0,20.2,0
388.7,100.0,16.8,25.7,1
71.1,48.2,2.4,13.2,1
203.4,78.3,45.5,30.9,1
102.7,65.6,44.0,15.4,0
64.5,23.1,58.4,16.0,1
183.2,63.9,3.2,16.5,1
24.2,15.8,9.9,16.1,0
49.4,12.0,43.3,18.8,1
135.3,45.9,21.1,18.6,1
6.1,44.0,5.7,20.8,0
69.3,35.2,19.5,15.1,0
68.8,61.0,7.1,21.0,0
86.7,66.7,50.6,13.5,0
59.6,70.8,52.9,24.4,0
131.4,75.7,38.9,24.3,0
36.8,57.5,24.4,20.0,0
144.6,60.0,46.6,16.1,1
27.3,29.6,38.6,21.9,0
91.9,46.5,47.9,14.7,0
168.5,62.1,31.6,20.2,0
33.9,30.3,57.6,19.1,0
41.8,39.5,18.8,35.8,1
148.1,51.4,37.0,12.6,1
82.2,24.0,48.9,4.0,0
13.4,27.7,53.8,16.2,0
84.7,32.9,56.9,9.7,1
116.0,41.9,24.9,15.6,0
152.4,56.4,42.6,12.2,0
90.3,38.1,18.8,14.6,0
105.2,59.6,39.7,13.6,0
217.2,72.3,12.7,25.8,0
138.1,68.4,26.4,19.7,0
57.8,36.9,55.4,26.5,0
64.1,35.0,49.0,20.2,0
163.8,62.8,30.8,25.6,0
88.9,26.7,10.5,18.2,0
79.3,43.9,25.1,29.6,1
56.4,44.3,10.0,22.8,1
159.5,71.8,6.0,15.3,0
35.7,12.7,54.6,23.7,1
49.5,14.1,30.5,20.2,0
159.1,53.3,7.2,18.8,0
157.8,76.1,43.6,20.6,1
307.6,99.5,6.3,24.5,1
69.5,28.1,25.0,7.3,0
57.1,16.8,15.4,17.9,0
61.9,27.3,11.5,24.1,0
15.3,14.8,32.9,21.5,0
7.6,33.1,43.7,13.2,0
90.1,54.7,30.3,5.8,1
53.6,20.8,49.6,30.2,0
38.0,38.6,55.2,18.9,0
78.4,47.4,48.8,29.1,0
91.7,28.8,57.5,24.8,0
65.8,35.4,55.9,15.2,1
67.1,40.9,50.3,5.0,1
53.0,35.2,19.0,17.2,0
122.3,30.1,12.1,19.8,0
46.6,33.2,44.2,22.7,1
31.1,35.4,51.0,13.3,0
51.2,51.8,49.7,21.1,1
87.0,33.7,39.3,21.1,1
127.6,45.4,50.1,25.9,1
246.2,79.0,43.0,18.2,1
78.7,43.2,40.6,22.7,1
205.2,72.5,4.7,21.7,1
43.3,38.1,28.7,25.3,0
36.9,15.7,4.0,15.1,0
101.7,50.2,7.4,1.6,0
112.9,39.3,33.4,18.6,1
84.9,39.5,4.8,18.6,0
394.4,100.0,55.0,13.1,1
45.4,14.6,28.1,11.0,1
179.3,61.5,42.6,16.6,1
37.8,14.1,10.6,19.3,0
119.4,51.7,51.2,20.6,0
76.2,51.6,29.7,6.3,0
89.3,44.4,34.4,9.5,0
102.5,44.2,39.6,26.8,0
78.3,55.5,33.3,18.9,0
66.9,40.7,34.7,20.0,0
11.7,32.8,45.2,12.0,0
142.0,64.1,48.8,20.0,0
22.9,5.0,19.8,17.7,0
54.1,32.6,55.5,16.3,0
94.2,30.6,22.5,11.2,0
27.3,16.9,17.8,14.8,0
66.9,54.4,20.1,31.8,0
130.9,48.2,22.8,17.9,1
53.1,56.0,20.4,24.7,0
67.8,20.0,50.9,18.8,0
32.8,15.2,34.5,18.1,0
58.4,43.7,58.1,16.2,1
23.5,21.8,6.9,28.1,0
86.1,45.2,37.6,22.2,1
18.3,23.2,7.6,15.3,0
44.0,29.3,28.6,17.6,0
76.7,35.5,24.2,26.5,0
63.4,38.0,41.5,3.0,1
98.1,52.2,45.2,21.9,0
67.9,56.4,15.8,23.2,0
11.7,20.5,13.2,15.5,0
26.9,22.0,26.3,20.9,0
73.9,32.2,16.0,23.0,0
155.6,76.5,41.2,12.6,0
136.9,62.5,32.0,25.1,1
387.6,94.1,50.0,21.8,1
48.3,8.8,58.9,19.1,0
127.8,42.0,23.9,20.6,0
121.5,53.1,54.9,24.2,1
210.4,72.2,47.1,33.9,1
173.2,69.5,10.6,23.7,0
90.9,40.6,50.5,24.9,0
113.4,65.1,29.9,21.2,0
98.3,53.8,43.1,31.4,0
71.7,38.9,42.8,11.2,1
107.6,60.6,53.4,9.6,1
84.1,21.2,46.1,20.9,0
81.4,39.3,49.8,24.0,1
217.0,75.9,20.6,4.6,1
92.2,50.3,58.4,20.0,1
78.7,19.1,40.4,18.9,0
64.9,33.1,46.9,24.5,0
60.5,39.9,51.8,22.6,1
26.1,32.3,9.2,9.2,0
71.8,52.2,21.5,13.5,0
161.1,69.4,50.5,15.2,1
47.1,31.1,55.5,24.4,0
